site,A,C,D,E,F,G,H,I,K,L,M,N,P,Q,R,S,T,V,W,Y
1,0.06920881439845109,0.03956152018330462,0.03956152018330462,0.03956152018330462,0.03956152018330462,0.025953305399419157,0.03956152018330462,0.07920232854650329,0.06370356779857429,0.0572895185853845,0.051906610798838314,5.1906610798838315e-06,0.06228793295860597,5.1906610798838315e-06,0.058894039175605005,0.10381322159767663,0.07058033053744478,0.08021930759820466,0.03956152018330462,0.03956152018330462
2,0.06752232921203763,0.05146330975640486,0.011253721535339604,0.04349996208852425,0.05146330975640486,0.06359661239738428,0.05146330975640486,6.752232921203763e-06,0.033761164606018815,0.05146330975640486,0.05146330975640486,0.05146330975640486,0.08239793813806125,6.752232921203763e-06,6.752232921203763e-06,0.11053312795669173,0.08351445981488866,0.09219394950105138,0.05146330975640486,0.05146330975640486
3,0.10031851900583774,0.029389439543808432,0.03203876752060191,0.05502703574159876,0.06448480750968605,0.08652277330422438,0.042319521131780405,0.04384966910658651,0.04937693832170246,0.04460831390081811,0.037732824508524866,0.021346694899758142,0.05282146841228197,0.07475370893198323,0.05180551624406846,0.041270276806199074,0.0365156366211531,0.034391897338499226,0.052933615903603154,0.04849257524728391
4,0.05155730158836725,0.024506648128959183,0.04547016640794836,0.039476371745082436,0.0762293966250899,0.04140030583439743,0.04505529262685394,0.07578361067991393,0.041897510475895273,0.048604075120275626,0.03303691778077498,0.05724858300759763,0.05364457834645593,0.0593089127060196,0.05526790464585152,0.042693762237877776,0.05141099216979086,0.05326979349252345,0.04902252315856932,0.05511535322175559
5,0.03927736307917443,0.03876233899463039,0.05874527347493915,0.041472992071177966,0.0378666449345538,0.03415422876449951,0.035264935390987295,0.0885875308579206,0.04696206455118682,0.04577615383019725,0.005692371460749917,0.0409056460784122,0.03656355808044482,0.07796073957114018,0.04772501547891091,0.05738199875052566,0.03443418145929048,0.039163515649959436,0.14800165797949785,0.045301789541801425
6,0.04006618889483709,0.023945977853428543,0.060723818518230374,0.061920912429067755,0.08193086637454064,0.05307711544556433,0.05531417221900205,0.09293828124693718,0.02760999017742865,0.05504646902616961,0.04241945319237405,0.062659278572342,0.050947884883520304,0.07147084726877141,0.05408852100413013,0.03687611481266803,0.05155605672853382,0.04450565580839245,0.01668962092814717,0.01621277461591439
7,0.050890618094031496,0.048697177312787575,0.047525489865294875,0.042962986942325525,0.048075465605954715,0.03721225943537841,0.049750243099212554,0.0855820079198059,0.05022255553369875,0.05136432053510054,0.07248300968282403,0.038629510974373275,0.05144903895259449,0.03946206601404593,0.045546448645641474,0.05115297551742344,0.0473283721233447,0.03796729078624116,0.06406980320178196,0.03962835975813921
8,0.05592021925134532,0.12809763681112446,0.09970829244191241,0.057453863632687334,0.00588689834265959,0.06050489154437081,0.004528383340507377,0.08754874458314262,0.006851640880419856,0.04092057343499373,0.03210120634715229,0.09706491247261463,0.05494645796708497,0.03823820167822552,0.005426575077467517,0.07355657915422964,0.0862087127782986,0.052529246749885565,0.00875487445831426,0.0037520890535632546
9,0.04972138693925666,0.042428076524407256,0.04795840663518932,0.04183605685197367,0.020243253315471128,0.05752457817146379,0.05078929859072289,0.05199043958303523,0.054630579093111246,0.052523149256527686,0.028687581841353373,0.050069748891989764,0.06167830095890974,0.05623418031401655,0.05232453307683468,0.04853488166512957,0.04848691717203102,0.061925648508614484,0.06833222619155699,0.054080756418404985
10,0.04307518833098205,0.056223304256578975,0.07743409027417933,0.04995917024127114,0.04120396509595874,0.04990622869739131,0.06351894730892077,0.04828589659682665,0.057148497870927746,0.05679639785229703,0.057571645942370235,0.06993129851954205,0.05436191027726622,0.04487748036646242,0.0030091210922660087,0.05008237732320586,0.05600693688057247,0.06525121161733331,0.009657179319365331,0.04569915213628237
11,0.048630031780000506,0.05996525464037818,0.06438071423131533,0.05137987416236608,0.042365961429687106,0.0392565330678752,0.04935337799274023,0.041710066384617404,0.03956809285412818,0.04389037772844844,0.0392565330678752,0.06354894214453065,0.04519858894167269,0.03963643500079013,0.05261352772167506,0.049156006624122,0.04839686017024614,0.05075747049010427,0.09519709268959736,0.03573825887782978
12,0.04745115130912675,0.04220816255093169,0.056673594699797075,0.04496696850155413,0.07428002240444694,0.04390186363679047,0.05251845317259007,0.05681882294734993,0.03955740838106641,0.04240379016494389,0.0689064533089544,0.0365719435975897,0.043125731302038894,0.050033416956560696,0.0481078220691354,0.05432550750999787,0.05696266806873563,0.03635514198831342,0.05260293667695001,0.05222814075312675
13,0.05221430328196305,0.04179980150150079,0.04612368260763964,0.04923087732398982,0.04219789484913413,0.07038769106005886,0.03680519263199239,0.06272788189371287,0.062030905428227166,0.04297722533959111,0.03144423777467737,0.051868245752060706,0.057036138911930136,0.03788937147318282,0.05728364225769959,0.06408575943827197,0.049406701885861215,0.04430778959159084,0.04430778959159084,0.055874867405324734
14,0.056074492748053,0.06553019152517565,0.06306731184369253,0.04228076725922712,0.05785060790296869,0.04516816351337475,0.0533868264289742,0.040060809335183974,0.058565196507570354,0.05113237222679315,0.038240232342640325,0.04715632723474609,0.05046561141844013,0.05601225690704516,0.051711961054181695,0.049348140676775586,0.039581994880978584,0.08262741431404279,0.009895498720244646,0.041843823159891644
15,0.048999464831307425,0.036833790143809275,0.06443059149415835,0.05987514732992293,0.04219934225137205,0.039262391691752746,0.06210999815644502,0.05369215957846529,0.05889358753762912,0.046259649617015605,0.018540573854438795,0.05091167274315191,0.051632155955928606,0.05518699811218393,0.05386800140108477,0.043290306377261244,0.04669041174154381,0.048895090274511964,0.06772762566827349,0.0507010412397437
16,0.05596150154037466,0.036894286334097415,0.03621105880939191,0.07071404880702006,0.05508521917938156,0.04847281236447906,0.050675041509663635,0.055683043263498884,0.0540888457058527,0.053452506344607374,0.07788793781642789,0.06423747448777557,0.05186513746163433,0.045254334240563424,0.058656348232124705,0.038943968908213944,0.04681562219817208,0.04521827501009286,0.01127325415764088,0.04260928362898703
17,0.04999015031875315,0.03979752381040263,0.05812363004716688,0.06047849108020285,0.06868938669934523,0.03566588700656591,0.047649720245008305,0.03045588045133239,0.05118869150988956,0.04500792929034439,0.07157275973614916,0.08222810886171965,0.04690417268957541,0.04849275375703538,0.047123060470293944,0.046692293539625486,0.04343672459867124,0.03711180134466993,0.029689441075735946,0.0597015934675125
18,0.055163942613135286,0.047577979877283565,0.052353799827086656,0.03728125288891623,0.039525807721086,0.041630732392623125,0.05534995102201029,0.06983706194849458,0.04990957122070159,0.051955154025993655,0.05119454929363114,0.050335340074717044,0.06060579142223569,0.05278182142636146,0.04938339429226978,0.05239730111485324,0.05554869913926932,0.05284631783173164,0.03442541332466912,0.039896118542930493
19,0.05628371257205312,0.060730434078474387,0.052238813410493634,0.015015504337798895,0.04592977797444368,0.050996052467996246,0.06251107019773497,0.047745836772858055,0.06744932429813406,0.05765623730165124,0.037803740332811336,0.07045336983410139,0.060262584067241186,0.03803235008743527,0.04738456732205049,0.05677776453828844,0.0423967181302557,0.041803757037524855,0.031292815762807784,0.057235569475845204
20,0.05264148073743792,0.055501137469832165,0.030897322723882972,0.04683383654988577,0.08130874401021836,0.04449711646724816,0.043744104277497475,0.06935416110709436,0.06342082032797032,0.04486271548297139,0.045532896645722284,0.046874071804653715,0.05835338863447771,0.03235563439064689,0.04146125267085944,0.05002554928086316,0.03902819712490481,0.05148400471795953,0.04653361964892497,0.05528994592694848
21,0.042542484694478536,0.060974397278344354,0.06060211135436766,0.06799970826911012,0.05894191736906621,0.04087396285087283,0.04026850820257325,0.04484568574020165,0.05821386486425015,0.0652536245572161,0.03990435555216092,0.07123292763125498,0.04630211693823197,0.04081127272380094,0.05062412143781867,0.04346515476984432,0.050474656668173024,0.03861711827628476,0.03634552308356212,0.04170648773838754
22,0.038512710372893326,0.04380872117475448,0.04052548478649197,0.03365438182961271,0.050887047224293915,0.03674509036498531,0.03518412645823147,0.032196908600771214,0.03824361571546899,0.03516451434760815,0.09067986215201203,0.04002584246725783,0.04834038827172664,0.046864513015068165,0.05852533983006826,0.04037821752988052,0.04198194870360686,0.03011823301418239,0.17949003642460112,0.03867301771648478
23,0.05206722271282489,0.055857696839667584,0.026519458850568008,0.06794786720419164,0.042641690258260596,0.056118666755955594,0.05937192279977911,0.03958128186651941,0.045984136286103434,0.05538187422452514,0.0585473127608933,0.03349185388705488,0.04891451675842657,0.05863346604853808,0.03965196272699534,0.04926054730112677,0.04294108835053792,0.03990571860313022,0.07916256373303882,0.048019152031862695
24,0.04880667044596298,0.055818534803237445,0.04260819810228363,0.049789355085814585,0.0679557414009091,0.05459359110286687,0.042959046445883345,0.05000032692939854,0.03800714128688136,0.035467008840621095,0.04469726195203809,0.06711605065567806,0.049789355085814585,0.05705030270249587,0.053298445271383964,0.05013998434698229,0.04372364685200976,0.044234344394422045,0.06361973149854085,0.040325262796775445
25,0.06053296120498549,0.028209978188540284,0.013347779387247126,0.03338180752310601,0.05995337706852517,0.05413266084828001,0.06300686754471935,0.07018895855751561,0.034960676797847506,0.07233406075022782,0.013533165212070002,0.06924762459163092,0.04252379185517567,0.04464186966059455,0.003020277214710902,0.06685235711317641,0.06055887209586255,0.05413266084828001,0.05864371591897001,0.09679653761853459
26,0.042681288376638676,0.05827383335633949,0.03497699583806434,0.04100751236186853,0.045739148403622594,0.037102034994071525,0.050153795756304895,0.024546750357456515,0.04100751236186853,0.06727794996869056,0.126439829782428,0.07048166187196153,0.0539850626284938,0.043855256275887176,0.05732232910798827,0.06125917317992246,0.049151527667379805,0.039085285219905945,0.01464554012923876,0.04100751236186853
27,0.04798415285308386,0.017099807198553522,0.05959023720708046,0.04675728530854479,0.0427495179963838,0.05807481690074781,0.05680935947075003,0.04033623875465246,0.01781229916515992,0.049772653095789716,0.06768673682760769,0.08811635342111764,0.05234138023475238,0.06268003652172491,0.003101001305437167,0.052326520404664595,0.05892121065948953,0.04575534348050454,0.05699935732851174,0.07508569186544335
28,0.054718072019772614,0.0827387533987009,0.050637925577347,0.029501112892159752,0.05323208160077666,0.045212433551202684,0.04374302946078859,0.04649085408609875,0.05386738511671862,0.05427097201299986,0.034675970775791966,0.05147680687456209,0.05172437360745799,0.027451810197501977,0.03797844418301025,0.056851878334933034,0.04721389711088868,0.042185637101487435,0.0640886245588298,0.07193993753897134
29,0.07454236587799293,0.015094223383095209,0.03627687300474983,0.032704150663372955,0.08565372792788153,0.037376172186711944,0.043644225907464876,0.0635394927174103,0.03947203230933131,0.040251262354920554,0.030034424078607815,0.04651854523957674,0.05429147540955194,0.05714762558982768,0.05292465981638411,0.0467606656361894,0.055292478913380655,0.06753194747371817,0.07475234437342389,0.04619130713640816
30,0.05754486590953995,0.030410973812255566,0.03468358996769643,0.030162865634300103,0.02774120472089445,0.04567131456725105,0.05283296854147876,0.06732696876082248,0.05166409755604781,0.0646847954521316,0.026029594810064574,0.09878629642584966,0.05675762755436442,0.08041832379764907,0.05686107778357924,0.06896698466653482,0.04711233297613109,0.042391054404962304,0.018167594744983844,0.04178546791346285
31,0.03808794239955594,0.0032208092884580242,0.044595820917111104,0.03493339305173704,0.03894251230590157,0.062612532567624,0.03340256520347858,0.07624533988313359,0.07085780434607654,0.034048555335127684,0.1449364179806111,0.04087950250735185,0.038649711461496296,0.049127042881781435,0.05302357109593707,0.05511867718277427,0.03788056297470035,0.08374104149990863,3.86497114614963e-06,0.059692332146088725
32,0.052544004529963585,0.011956402336194999,0.05678158874622909,0.08283431770038127,0.04424458679870327,0.0577959874994297,0.06081925924218687,0.05919673324493748,0.05304563236249027,0.05130383547894581,0.016032448587170567,0.046746626649772055,0.05412372714534178,0.05076942052604013,0.054544256304500924,0.04275319623245485,0.058299813044256604,0.051967247144621836,0.03562766352704571,0.05861325289933325
33,0.06995936039243057,0.07545465758337679,0.02367204943792213,0.020472193917970446,0.0062878881319480655,0.050303105055584524,0.11649140118135363,0.09623202706285736,0.050303105055584524,0.05887121635626101,0.04728491875224945,0.07048283906044112,0.0474349455568012,0.03749004999425639,0.06036372606670143,0.037485486940459625,0.04108916997114577,0.04210151184000009,0.03833938057816594,0.009880967064489817
34,0.05095616929891388,0.018365937427675505,0.15635865647885905,0.042145190425568475,0.039732098548989465,0.044673901851102586,0.042106436227476,0.03491182700215795,0.048110355839648934,0.050490816154631565,0.07594563314687439,0.05019809401548623,0.027576816076164294,0.04635970946812532,0.045189369949384536,0.04759075454928454,0.04973239709887375,0.054963957895457674,0.03127173129577181,0.04332014724955402
35,0.07967892806193888,0.022182437665066383,0.06237375394175628,0.10187356518583246,0.05184535396581106,0.04442861796710135,0.028506906028885795,0.06496285316198012,0.008421110595071496,0.07653031277059483,0.06980051243999992,0.10196905558509814,0.008700382119908052,0.06662248809677523,0.005754967472307549,0.053464260289639964,0.048650594879015956,0.05913285351923832,0.009280407594568588,0.0358206386594096
36,0.08701283011265637,0.08957203099832273,0.023824941578465434,0.025187924506295263,0.0035660995947809984,0.1330784460546509,0.00794164719282181,0.14065087607251303,0.008629371581420466,0.10161037726971385,0.02827916978661332,0.02353625732555459,0.059821320702451254,0.015059912904113602,0.007751142912334331,0.055788130311463895,0.07543772885913785,0.09647074642924945,0.008701283011265637,0.008079762796175234
37,0.16361254463158384,0.18996574279067688,0.042162080017568784,0.013513487185118198,0.010557015340862293,0.18309273637259035,0.012776387884111751,0.016071514686340087,0.024441785517431175,0.008635346649783673,0.011022766017665041,0.09369351115015284,0.008998004881798215,0.008803417155047918,0.018490324733608957,0.13923534317160596,0.010283434150626531,0.024023977217987907,0.00260259753194869,0.018017982913490934
38,0.10437194230028421,0.0854678405061001,0.10371378398493045,0.0030524228752178604,0.012422651236351757,0.1516753225882903,0.010021671563768373,0.008469785996100009,0.01553960736474547,0.04428084949297946,0.01031508419901208,0.14391998430050187,0.006339647510067864,0.015113215699249406,0.009052012664439172,0.10604759683848997,0.0745075863479344,0.04951708219797863,0.016868652731467124,0.029303259602091458
39,0.03898008283676393,0.02851789610135543,0.299437909064232,0.03905711857359548,0.0711165034027551,0.03346658983659064,0.02795956379816624,0.016989384911445787,0.04412769186209735,0.02281961760526675,0.029943790906423205,0.03462250823555183,0.021172377408582063,0.037429738633029,0.02757980741381084,0.051123545449990836,0.028138668759582087,0.027221628096748367,0.03522798930167435,0.08506758780233865
40,0.04814324001992509,0.02999373739944484,0.0694786704542046,0.10557209267268586,0.06387555186918809,0.013766282730428467,0.07815361640465367,0.031784228934908496,0.031139331536229192,0.027824577518775113,0.050482290993390584,0.050874333347140956,0.005831641680890039,0.05165245243742988,0.005394894583546291,0.034467500761096545,0.04272196001640502,0.04227953195151021,0.130412585066259,0.08615147962188814
41,0.05029702126338536,0.0933415117678219,0.055972254311459434,0.004798870386240874,0.0468691770881612,0.018816723029869503,0.005444967015837538,0.12979984620704316,0.004133285034473763,0.09236596322189157,0.031857224109243354,0.004810489927127655,0.010245617824318761,0.008306894800991171,0.005429579065575388,0.027220191999368808,0.061740849630748294,0.2838189057005317,0.04730315095008861,0.01742747666582212
42,0.05403081215438064,0.0354455077136562,0.05403081215438064,0.05403081215438064,0.0708910154273124,0.05403081215438064,0.05403081215438064,0.021267304628193717,0.05403081215438064,0.053779391013823195,0.03522805061111843,0.05403081215438064,0.05403081215438064,0.05403081215438064,0.05403081215438064,0.05316826157048429,7.08910154273124e-06,0.10633652314096859,0.05403081215438064,0.029537923094713498
43,0.05049777128821063,0.03495193146096663,0.0407799269522339,0.08193925898715664,0.04099254956602229,0.05436446832215805,0.04110526409949669,0.07650262590241488,0.05268583123110841,0.04932555220061704,0.03706175714188316,0.07135453242833827,0.03420927417249127,0.04564465946341503,0.061769595236471936,0.03984232200298114,0.0437835068699506,0.0524159136720919,0.022060569727311404,0.06871268927468002
44,0.05861135021794959,0.08320154415669499,0.04485648467578338,0.07414607629309336,0.04558775584462203,0.060186120158718236,0.044200701463027285,0.06788507118057814,0.007673396694293346,0.03255712597435891,0.0541777496834293,0.03841047640819552,0.02618994834351336,0.04605265760047095,0.021280166325441687,0.046993308964539765,0.04740906951920139,0.04404370393250451,0.08901140165380281,0.06752589090978144
45,0.04702613183001827,0.04659366502171514,0.06112609430501537,0.04691695834814777,0.05512773925639237,0.06181136442054244,0.04540628611376381,0.05954524703850635,0.05823824732997527,0.05611451390236815,0.04823230878755119,0.0495332143506159,0.054739497961909286,0.03759031711823026,0.03930044102924559,0.04990194795620362,0.053754303270838154,0.04058850529489078,0.04715441560672615,0.04129880105734425
46,0.05406111890099964,0.053501264370852716,0.03184036763576045,0.038625810898727006,0.054331598499535144,0.03204712326975889,0.05515231751010213,0.05360094069012771,0.05977485166402855,0.048507691131044146,0.053130756999863436,0.053236489849614405,0.06729895886649367,0.04385891901361275,0.051448952181311916,0.048321008859569824,0.04718282198126306,0.046616523530837145,0.0598212967702166,0.04764118737628075
47,0.0395813550088189,0.049232615518420425,0.05405678229595355,0.05033840531777634,0.05231950077845699,0.05982479765325729,0.04444745856999229,0.03589244520583872,0.040741324892170874,0.039035568938553415,0.10096763125451043,0.060226306362339554,0.047791290873042944,0.033858570243504325,0.04105633513618251,0.04473600122799296,0.04039191387251247,0.04987973578214276,0.07829419827104142,0.0373277627974917
48,0.05048648968596327,0.04068362019223758,0.04241443339349687,0.03245208447840739,0.03627336481212931,0.035303161963951106,0.036950642855602164,0.04118634031542411,0.024379886541998446,0.04660739737440427,0.16842143843023083,0.04784699955404285,0.04588213941697339,0.051245112991758546,0.04195653534766955,0.040691034739383965,0.03688929292042267,0.06124415942917485,0.08846378584214144,0.030622079714587424
49,0.0514121321967212,0.031768498024060926,0.02087644155866861,0.022367615955716368,0.07176276785792335,0.17080724911637954,0.05182866567516686,0.030902627307239715,0.07828665584500728,0.052191103896671524,0.013734501025439874,0.06600639610461398,0.05276815541395659,0.06894380391288708,0.023228995105526153,0.02267827728843465,0.024373510449207006,0.03189456349241038,0.02283360795479379,0.09133443181917517
50,0.04114140719299191,0.03995135967427341,0.06059067844939564,0.06454886347372803,0.05357338332078774,0.04933263014865566,0.05126646233062384,0.03297171884229009,0.08680709225777217,0.04565529085758248,0.04303257564915201,0.056864474964950874,0.04832028332578613,0.04207932239110118,0.04684737714900648,0.05415173110212082,0.049023899697865254,0.05108973874941877,0.030073902300259643,0.05267780812223781
51,0.045731318289213785,0.04410992064301514,0.059312752563693685,0.03029087299305452,0.05565009145748777,0.0408942611358688,0.04845750082981442,0.06976079840824677,0.0540083600579975,0.047191128334990465,0.022748086437471775,0.0574137544421854,0.04075401755615904,0.057118064716137326,0.0609430855497417,0.05275318861354692,0.05736009266144018,0.047725871998843046,0.04109938510873454,0.06667744820235741
52,0.05250357416257072,0.05066861312645839,0.04214232716665056,0.0624253960490247,0.05079924120746187,0.04647366941601619,0.04980804963608902,0.06658708911895968,0.03790650555266078,0.04967048137832622,0.05953337205127327,0.04724745661749713,0.04797857599817297,0.04025219531425401,0.050283974400733795,0.051165488163546415,0.05612012635908876,0.047551542341678604,0.03423139088509899,0.05665093105443786
53,0.03681161984597184,0.046764003148665745,0.03476191169610523,0.046034211904216756,0.034799492141182095,0.04990624841952471,0.044529608396426744,0.041243482591244766,0.04038466155001013,0.039027741860392116,0.053575825509195645,0.03921205232962656,0.04459232919093794,0.03388130626646632,0.034959707014692434,0.03538369059969517,0.042656207994311884,0.03156199621581327,0.24329296104518294,0.02662094228033773
54,0.05184746774775169,0.052614989106894924,0.0674233427867418,0.04903242366492855,0.038215969574652585,0.033816075917653544,0.051313047114069164,0.09528286584532214,0.0046353826627454015,0.05420810591570131,0.04206637162320073,0.062201288722310094,0.062480567767424354,0.03605888271669301,0.08894322852623285,0.04260407711184207,0.07046961953143617,0.05571474837138018,0.010356833244056755,0.030714712048962665
55,0.05190599199762478,0.055064263252880226,0.05775032487497194,0.05402449746368342,0.0639075286300241,0.060185579538374376,0.04183403422041729,0.039810135194877104,0.04447438812210482,0.039045854573440966,0.0703047433260528,0.05581887588249797,0.049101027156943186,0.039367827097868194,0.045125043236340756,0.04237324633920584,0.04972500272013974,0.04255536234639326,0.06246463710966353,0.03516163691649583
56,0.037855980267753477,0.04182274463941617,0.058433185519742414,0.042792260659442846,0.05827643623334003,0.05601263387130324,0.05253993305321417,0.0438152277319685,0.05107871468218787,0.057359964395165136,0.017874484189505123,0.04393189863612044,0.06610186605930196,0.04977941510362666,0.06463943539427315,0.05755607016174947,0.056532750025366986,0.05901135447508618,0.03457051615745102,0.05001512874398511
57,0.04809319847880468,0.04599165221917214,0.03547387780102429,0.04758583582155797,0.0644153216274395,0.05185635954913369,0.031238270992398138,0.027303159005036298,0.0541713756004343,0.052215114237838395,0.05110481810639262,0.06568472209556933,0.04626149954845651,0.08477387474119247,0.07252092388074335,0.04423201471448525,0.04220011733927567,0.02642322855307886,0.04978210516716834,0.05867253052079817
58,0.04272579156541709,0.03615289811995091,0.06072088966002805,0.07546739143460629,0.07438308983353437,0.04196580258073611,0.05864657355362957,0.057088015919684494,0.02382127209739562,0.05596982768281212,0.04301063017585321,0.0421161726261474,0.039603993320600064,0.04743819504689691,0.056494577737668146,0.05121038886990318,0.048201118596104736,0.04874274541068658,0.05397412414224715,0.042266501626097956
59,0.05557461494299874,0.0365668031436659,0.04751639493401629,0.03464737130605355,0.05717593112389106,0.05062438554605258,0.061480005119287966,0.05543579408968567,0.05817336416818867,0.04160976468489471,0.07808697877149273,0.042668762723576246,0.04132884333054724,0.05322987148750095,0.05747138016397034,0.05039617644516879,0.055491340977551096,0.05758446827920838,0.02451967815505328,0.04041807060719557
60,0.06394506545307475,0.035678397558758235,0.04005449993793139,0.07394374841482824,0.054751650448446876,0.031722383357406715,0.04798346402958905,0.05281696315344875,0.066544144171053,0.045718555804807576,0.03857574010422042,0.04539743737713095,0.046393278445596875,0.04816641293867968,0.0606529224409686,0.04469289131704785,0.05353236319616188,0.04219355124644826,0.042624215878221794,0.06461231472617925
61,0.050664336023433336,0.046849785314141676,0.03504095749524622,0.03421220276397796,0.048613338015026014,0.03944876441152561,0.055514829664341986,0.04428048196420202,0.06138831926352404,0.05387465423262378,0.025299635469561352,0.07211477289827957,0.046479962042580765,0.05324547367445273,0.038012826633287915,0.0515064800897989,0.043251584703880054,0.05643764835517532,0.09809400785542377,0.045669939129516876
62,0.05881440072676077,0.050912770020679246,0.042547791579147766,0.03777819928468814,0.05396598423456878,0.03957730921017236,0.05241321293222008,0.053613072946208006,0.04321260082257195,0.04475261236424858,0.05697491631000822,0.04261990648012938,0.048202441351417,0.05598393628835233,0.047854957644300145,0.06071098032981438,0.06496408034071548,0.047942243725789715,0.04315561717313559,0.05400296623507216
63,0.05124149077441667,0.037692247746022804,0.04955094255314605,0.056564308865434766,0.05451575292484404,0.07307685910061813,0.037843257906653445,0.04387345984930021,0.05259314628740889,0.0558459002784621,0.04471043046796378,0.06742553079567455,0.04843629967362743,0.055601969475531116,0.04457933506998673,0.04638773932900806,0.04615200835119457,0.042568055674707186,0.045587105575178755,0.0457541593008207
64,0.04714367717643214,0.05049732240289728,0.041982936824501396,0.08805880474868873,0.040410002540500346,0.022695286170277246,0.04335510069305832,0.038996869056568996,0.059906421391884686,0.04505244098094709,0.046773782468138195,0.06013772031617767,0.05333954323695759,0.07782528511505346,0.04365359979614197,0.04705805361261131,0.05225559192522235,0.040160463909776185,0.04620337048681943,0.05449372714734547
65,0.04624774487336923,0.0381999363491397,0.06846550059787093,0.0578525500389935,0.049688484009150026,0.04228353544828985,0.0727178882581342,0.03737059132953618,0.03232856244503038,0.049443683739458226,0.03931914135019469,0.04763944993840656,0.05186780348323555,0.04199915060810666,0.049674212885718085,0.05562374787340089,0.052772135265001754,0.0414517281935694,0.07780170522485333,0.047252448088540865
66,0.04673379625634879,0.052455417221638864,0.03447977291539527,0.03689357846952378,0.051271223020147014,0.04479189263848008,0.06360715637837787,0.05645938249242379,0.0391098547566081,0.0383928460274456,0.039368974819041454,0.041391718252145264,0.047181999786830756,0.048489063631456865,0.05813550792710761,0.043726063215998395,0.05859568345159659,0.06406461390707893,0.06380418864729405,0.07104726618506085
67,0.04563472081465471,0.03640067862819127,0.035117539193635534,0.029400818746371887,0.04365743720683153,0.0503320235828266,0.06253758689384054,0.04257907560074258,0.051411267753218595,0.04048396646110191,0.05247129389246021,0.0505457581950836,0.052714445193589365,0.04826363911526644,0.042309874815963745,0.04406118589553367,0.05842958226558233,0.04208944447928335,0.11290317624236242,0.05865648502345983
68,0.056023405007614005,0.05402232223429924,0.0376245403002797,0.029381173681725953,0.03490967150998501,0.0459332929499248,0.061286340298812005,0.05601119347869693,0.03226897510438403,0.04240437678855101,0.050648419634991906,0.07901153463058737,0.06125498034234157,0.04252147474394206,0.05391321323515689,0.05267435642039158,0.04007114502284708,0.07410558966986464,0.041301484011443394,0.05463251093416078
69,0.05757046346614054,0.025430216855962993,0.026659646800135224,0.03587418590278555,0.08270992860920003,0.04983054002780425,0.05972087494523401,0.043771209410037315,0.018455934483044632,0.017201057832473735,0.04291552899533963,0.00886177806527143,0.07711821580547246,0.023847023212141612,0.056813529236351454,0.061859774372120896,0.06604134605785614,0.04711055212018867,0.12539892402040004,0.07280926978203943
70,0.057614975495739414,0.048471224179042004,0.043652447506271744,0.019245420268812374,0.09245588381828354,0.059859453761987806,0.01675468027765053,0.06201918334464544,0.00779507991183424,0.06782380745908478,0.06084059871186624,0.056770799606602106,0.021680228945422587,0.059874640836305164,0.006414967402853751,0.04525845510512837,0.04011305987062809,0.05979284826489323,0.10557801257330839,0.06798423265964004
71,0.027148255238760775,0.05935590475977468,0.08216912556763076,0.023132952477865218,0.04148785660808595,0.004138510030688945,0.059271149135401664,0.06254478386767826,0.07013752647689198,0.06359869918022393,0.047278714191100475,0.049508842218982566,0.0034884279070285817,0.03848680070307769,0.06284612990271267,0.06239750775532927,0.09901768443796513,0.04102601878582356,0.042204258940772024,0.06076085181420588
72,0.3774399314561136,0.05886677830049479,0.0235899957160071,0.003774399314561136,0.015498741146748627,0.13851006658939952,0.004858137731613343,0.010988757498089384,0.012045955259237668,0.01152951559110315,0.08160863382834889,0.020607352579500457,0.012264386235704312,0.008921307470780867,0.049629516946543155,0.05310216608875239,0.019355893920826338,0.03291627309210293,0.05806768176247902,0.006424509471593423
73,0.01425077763908047,0.059411803378478435,0.04360022248493876,0.07604520409998515,0.06586463132666555,0.011686215149969837,0.06555546091738272,0.08070103292243322,0.04436050567475366,0.04614088840826845,0.026646567474388323,0.061363238241019975,0.003534861725999931,0.06362384805307937,0.06809459850527576,0.04717788521606124,0.06327482835373228,0.061008436371983,0.04942938266499035,0.04822961139151335
74,0.008639460722564161,0.011385491405191019,0.003446911928848448,0.003939327918683941,0.08172325614438446,0.008771159818944711,0.0581544780700853,0.011598227859761603,0.0018587888358028528,0.01531613694272579,0.024821785610074833,0.010343210238755573,0.007642346440841851,0.004204900587359262,0.008011586714159467,0.012680162668657555,0.005721617277137207,0.00445519228898779,0.530167882389547,0.18711807613748718
75,0.05720874826097845,0.0506048558058,0.02440699314395005,0.05136635158399945,0.043531454206975725,0.055443046154158133,0.041694064950606825,0.03579234625141854,0.04565011680627694,0.042401329615623214,0.026262495546706482,0.05263884584289291,0.0831645692312372,0.0531738064332468,0.03366524586375983,0.06164533244572252,0.042358073507701044,0.05484040434813468,0.06098735076957394,0.0831645692312372
76,0.06955904763457735,0.021091735983212654,0.11519332729293064,0.06387993604426154,0.03025815509537809,0.013142862845502153,0.04142225810190999,0.023109772450742257,0.024405365951892084,0.036551728852564525,0.10696523248629274,0.04898790964948474,0.08099725830239653,0.06826271246988481,0.007401980870228474,0.06494120464836357,0.07384187646982733,0.01577647743359702,0.046358290252033064,0.04785286716492043
77,0.05835000820741313,0.01468725653991339,0.0512073674644396,0.042593043965748825,0.07666747913834789,0.05967706709486785,0.05104336731767094,0.024871850490948217,0.02076410893330255,0.021703461893375197,0.022627554606804063,0.00214754843524784,0.07749186063445915,0.05813647707173299,0.08518608793149765,0.04820496529907384,0.034104483175396764,0.05201265945817405,0.09784888478617973,0.10067446755540632
78,0.048366521354226984,0.040555966620483934,0.12839482433445634,0.10624526470662309,0.024290912711924174,0.06879677427573999,0.04726622654070645,0.006349194609945643,0.06913567464163033,0.03724700807724886,0.04345670977473907,0.035923438784376545,0.01238602345418854,0.02782588323342214,0.06461927378564443,0.06151903252009478,0.039557009717633845,0.03358018482593473,0.02843483392518667,0.07604924210579338
79,0.013018842757368667,0.047452669695681106,0.031831352334899664,0.0273550684128044,0.13894013165064684,0.03743325151225865,0.010532432757871213,0.1094202736512176,0.031442607371039544,0.049449546746223344,0.10146243556749268,0.02314659634929603,0.00447941638110303,0.022527703398780095,0.010012312621680041,0.025524217377301744,0.016420504913552438,0.07099291564275428,0.12036230101633938,0.10819541984168905
80,0.039107010490154775,0.04404346919137103,0.07599657429099316,0.19574875196164904,0.03462647245855465,0.042575353551658666,0.04909156397776372,0.058724625588494714,0.03877331048471125,0.03430521469679653,0.04567470879105144,0.048129976642116795,0.0009869684972856254,0.04781862369348855,0.00018702110060030163,0.06173863782896381,0.037805879426789986,0.03643498667899307,0.058724625588494714,0.04950622506006822
81,0.07212396076326352,0.055232983449773676,0.019350330936485336,0.017591209942259396,0.03564534646194667,0.07171004994109272,0.0038155582128280947,0.2281302173564587,0.020445632687607147,0.034229827288367556,0.01505025739504415,0.007036483976903759,0.06772615827769868,0.009791733726896193,0.012166375738508744,0.012273996322171929,0.010702405258698063,0.2709046331107947,0.019350330936485336,0.016722508216715722
82,0.008259953719080787,0.043682447552831086,0.022714872727472166,0.029887990430884425,0.11357436363736081,0.009464530303113401,0.09438950491483365,0.02923696489674635,0.008112454545525772,0.055982830801418644,0.08656266341022571,0.05678718181868041,0.004992279720323553,0.08216017795043123,0.0016539955869518566,0.04622675853310124,0.020190997979975256,0.028393590909340204,0.11357436363736081,0.14415207692434256
83,0.006036696983910525,0.18863988886300828,0.061876144085082886,2.4750457634033155e-05,0.06387214873298878,0.015469036021270722,0.014143118648018944,0.0058929661033412266,0.008534640563459707,0.24750457634033154,0.08250152544677718,0.030938072042541443,0.013026556649491133,0.007071559324009472,0.0050511138028639085,0.024401859639187614,0.0029819828474738743,0.02651834746503552,0.18863988886300828,0.006875127120564765
84,0.04156438503064371,0.044375502858803186,0.05325060343056383,0.08875100571760637,0.13312650857640956,0.002182401779941141,0.03679375865177149,0.007607229061509118,0.014791834286267729,0.0974096404217631,0.11746456639094961,0.011677763910211365,0.0042307153149282704,0.05824284750217919,0.028724391892005385,0.05770072468042681,0.03687964088941076,0.01938735561792372,0.0939716531127597,0.051867470873925806
85,0.08305439396337938,0.0443715255420794,0.001483114177917489,0.0024978765101768235,0.16669367802509244,0.0024951963851659043,0.056277294270267994,0.08173607024967494,0.01810960469878197,0.08177663405625048,0.06921199496948283,0.0029545041330846424,0.002996242985040523,0.0070134821569075925,0.004480112537443701,0.04140612643655357,0.06246239546006219,0.09022852766121281,0.06958611386120975,0.11116511192021547
86,0.05378047004577852,0.015603370619702687,0.04918453782297586,0.45249774797137793,0.01616063385612064,0.026461856606513328,0.05713355403679014,0.005656221849642224,0.02399609269545186,0.029023179170175842,0.06170423835973335,0.021547511808160853,0.03086806342750485,0.05853204700127276,0.019087994331298822,0.022815012502758553,0.014456797059788432,0.019673815129190343,0.01616063385612064,0.005656221849642224
87,0.05408512331651317,0.07438070241962896,0.038252932672952045,0.024200834956357414,0.04552415128020739,0.04553920556303814,0.04775676687741218,0.04391165052398045,0.027405086094055193,0.05234227619562331,0.06284410367699264,0.04337128281933295,0.05281712263558975,0.04705936321636546,0.06988516546020085,0.06403574632476552,0.048812335962881516,0.05595205077536269,0.05187726485783908,0.04994683437090111
88,0.04529753412151255,0.046376690265917994,0.03079108124212588,0.025921220545173037,0.07194589223306347,0.08793235139908193,0.04948352265338582,0.033071902074875946,0.03209919907267371,0.057472512752071006,0.04795425800857012,0.04833585687866484,0.019578084106256253,0.05500001105930456,0.04749342002883824,0.06614380414975189,0.035981004572203,0.0240522924180916,0.11023967358291982,0.06482968883551841
89,0.0667463757997152,0.046483302165722266,0.0069757550234674365,0.004324968114549811,0.04633894408446226,0.10812420286374527,0.0071030498231657475,0.1547294627188079,0.0028453737595722436,0.05148771564940251,0.043764558301992135,0.007543549037005484,0.06380174894831965,0.011626258372445727,0.014790574920040626,0.04037104977055424,0.04353673655133106,0.07714124414840305,0.15617940413652093,0.04608572581077667
90,0.04136818169465264,0.046402848838018075,0.050628706028259515,0.017774564001794484,0.06763482993329886,0.07224747350729396,0.03964405278202929,0.08771817313484011,0.03341276213798867,0.040623569776971936,0.040881497204127315,0.03594453673667974,0.006122804880802478,0.04905779664495277,0.06926698989175868,0.0342551006792825,0.051101871505159144,0.08727510639083359,0.061322245806190966,0.0673168884250654
91,0.07368353277039892,0.034502989330641644,0.12523307238529188,0.055588149477144876,0.039349321165343926,0.06133864769891848,0.028651605175152712,0.04167882471849589,0.0788639756128952,0.026112034763395017,0.08178486359855797,0.020746895545222428,0.07224984945305302,0.03407702649939916,0.0468766901113686,0.06010571005672916,0.03611279691364898,0.02478329199956302,0.006815405299879831,0.05144531742489937
92,0.05420080977365105,0.0357232609871791,0.056507227210827696,0.04344035489211739,0.04207195723688998,0.05234097806573165,0.04805876969989736,0.05485646473059039,0.043070286337990565,0.046611264415649716,0.060078006014167434,0.04951678917592812,0.02188538894317678,0.06046401445860629,0.04180545412939279,0.03643117720228951,0.045587840002236195,0.039568084270020745,0.11332896589036129,0.05445290656329595
93,0.05451058860172861,0.04441502821896457,0.03789562438228128,0.04690162288029031,0.03622943274550264,0.05326575158906714,0.05398443388117796,0.037919846577476095,0.10278823098668986,0.043490951472282546,0.06194826421072827,0.04127544402935776,0.008726692799163454,0.052835213773117,0.06734383752070595,0.046992316626191424,0.0539944487497855,0.055614160167285286,0.05256216357273914,0.04730594721546522
94,0.09212681467488745,0.0832927365553777,0.043639017477578264,0.06847263252863256,0.0062813737278332345,0.09212681467488745,0.03309945437421106,0.0462529686845114,0.05185026755571555,0.05009176615402625,0.07216600482866184,0.03132311698946173,0.02855759909326951,0.043524479373962574,0.07203748724578203,0.05924231134406931,0.06306412880837656,0.057110287830133846,0.0023031703668721865,0.003437567711749531
95,0.06917138877772423,0.08366607071813759,0.04670998067785254,0.003300161678326538,0.08177961622389665,0.02251057650058523,0.03264892774894041,0.07920388027983692,0.006336310422386954,0.04711995551407411,0.07920388027983692,0.06393566239456715,0.06498779920396876,0.0612818343771001,0.018537078363366086,0.07359983214682958,0.06475198743256809,0.04585487805674769,0.014547651479970046,0.04085252772328431
96,0.05534675308944561,0.03633231473893655,0.04737240430133308,0.06277068107339058,0.053132741269111286,0.05576548686893852,0.05464406988413076,0.05290598428705533,0.0468483843744262,0.048544636493497356,0.033396868068897884,0.03275105256457411,0.0529257977782871,0.026726771362915226,0.06016631320767892,0.05380848423327282,0.06215528223933773,0.057741889417609604,0.05244351938944121,0.05422056535772015
97,0.04162966969356265,0.030782960549851694,0.05073089302737796,0.040008903894390054,0.043712140131054754,0.050845929065988796,0.03971251385241174,0.05181798359225035,0.04710725781113668,0.04116728834983749,0.028483458211384968,0.030763923468497423,0.04404681627418128,0.037060686240041184,0.0381344467994916,0.04153007718233403,0.03892226292343456,0.04241996847669522,0.20861785602074817,0.05250496443532942
98,0.056994041015392224,0.03988502651609311,0.05920433623482572,0.0497316424372536,0.05120375025714657,0.04068230925633275,0.044913634385040195,0.03608645256217949,0.08255252517250346,0.053491637124447794,0.04353260017266597,0.037578800244859434,0.04651341683969624,0.07731389790665476,0.06303046680782465,0.049127002407621335,0.05101468741848095,0.033463320480553664,0.03339731787605553,0.05028313488437252
99,0.04769225428908588,0.04135325390341332,0.06007143895805486,0.05698593735845946,0.03790371610384411,0.059657153172137246,0.037796484030292433,0.04810193881897553,0.057807318965249266,0.053759120200499694,0.03622041442594047,0.06481270961911206,0.004789311595269007,0.06548413092383437,0.062029381648790724,0.06444055577141602,0.051348357465711446,0.05053758835601436,0.04837066473416534,0.05083826965973435
100,0.054464005183343926,0.045131794460927376,0.05165507215221434,0.056430523423872836,0.06286324818524198,0.037487258092116775,0.0460971023330396,0.05152094958301178,0.062187085439813876,0.03722267084196263,0.06233175463159809,0.04312064550321235,0.04207006764217043,0.05041493191169591,0.054137740963035544,0.06418075660183385,0.050017963943887286,0.0611330670425289,0.03195592140859465,0.03557744065589796
101,0.049050244310677386,0.03755201630830993,0.03747765587997664,0.03504854855442259,0.06759362935495786,0.03876693448299053,0.045750395441269194,0.0574138658978859,0.037710130061187015,0.04633777106723526,0.07260056486273253,0.06051576240679474,0.048118703547115116,0.059983750553406316,0.0027659797178499384,0.04766053638827841,0.05218289218825189,0.05632802446246489,0.11265604892492978,0.034486545589264214
102,0.05844049726858008,0.060063844414929526,0.03851760047247323,0.034786010278916715,0.0440421138835676,0.04876016950016498,0.032257478779072875,0.0479908719291651,0.0687769117514582,0.06732618691175601,0.061516312914294824,0.05687162485868532,0.0028308098784565164,0.02741281057443705,0.06628763117743537,0.0664916821654391,0.05018672573876439,0.035175086033695124,0.05551847240515108,0.07674715906355697
103,0.03570717615717196,0.06914207746797844,0.062269831591165746,0.037080529086293966,0.04878802286821516,0.0533268744356018,0.046113813058593744,0.04686566870628821,0.053560764235757945,0.04807887393646058,0.05747984454569146,0.03924254013312958,0.059838949054601374,0.0457858145886318,0.04573648260769238,0.04567945057944522,0.04185253844849601,0.04215137067074442,0.053560764235757945,0.0677386135922821
104,0.05351495903700804,0.057894649498128725,0.005160044655580492,0.010773982128087048,0.11070977529858361,0.04886467484864676,0.04642184058851371,0.0705206102929334,0.011839226545528964,0.0679202928042559,0.09623989169388558,0.009057693065147409,0.047629448673056976,0.03458482037354588,0.005544967341581456,0.042227910355049934,0.06291047249153771,0.05555297055729039,0.08521240410396118,0.07741936564767687
105,0.05929819570872988,0.042914725311213375,0.0481717857233203,0.03704995906386339,0.03517573092940109,0.05202632238675622,0.06039850228985586,0.024986755989216167,0.055276798429339455,0.06018729857520144,0.02778746929789754,0.05938629802102505,0.052872855421191745,0.050117409380262455,0.058943116692509935,0.060680387500289173,0.050081509171540334,0.06479243361619412,0.036488596047744244,0.06336385044444817
106,0.0666582911056202,0.07137150360803779,0.012177957028911382,0.015038760798219192,0.0639375445298806,0.07942264472159002,0.053887965862227695,0.05178836462821262,0.04332788921865313,0.05806962667470375,0.051382432727248906,0.043110525225917413,0.050220756105460444,0.041264656398717264,0.002134617764663238,0.06270476487452824,0.054727971958875674,0.06488546421451329,0.047613065075443,0.0662751974785764
107,0.048821342911927836,0.038772805257616845,0.05119574337777776,0.05726955790277447,0.04093686880687918,0.056884285847235434,0.05146494401283572,0.039830331624110066,0.049405475357359854,0.04376876504253522,0.04600601604378005,0.04069152798355029,0.05843661090797689,0.05019219310746291,0.0630482364329828,0.051629874200990175,0.060283745160815236,0.057007454662944844,0.04219862161257066,0.05215559974587385
108,0.049247142785714175,0.05358428424380579,0.04310847485646556,0.045496551419045315,0.04982955631609726,0.057027935419264174,0.04973792177144661,0.047736672882812456,0.04017877268175431,0.04645460275306685,0.06552410312344235,0.04316079096672826,0.04471620304495242,0.06544503934893442,0.05008327899362487,0.052398090146823915,0.04980493697009127,0.055245812437412174,0.035974017401105604,0.055245812437412174
109,0.04732060553560663,0.04445134002228021,0.08620620621020243,0.030697648505207845,0.07326365841951464,0.04540344369076279,0.0467006849390703,0.04718048649666348,0.05837585617383787,0.044940143244938675,0.04314737195457581,0.052209392493502885,0.044930578332508755,0.04369235860863939,0.05659678246187329,0.0459615101368691,0.049971194565085,0.05329969476741718,0.039695582198209754,0.04595546124323407
110,0.06649757747180017,0.04175050464217791,0.051291234892041876,0.04424016398044622,0.04182082128157526,0.04194483208949202,0.054254728463582064,0.0370620535994109,0.08101384793204562,0.05282901322413225,0.05265900115582965,0.035709789481594555,0.05316376110341285,0.04644013865739268,0.05677298562112885,0.057446183079086895,0.05146709055452887,0.05208850797326532,0.05116300680481176,0.03038475799224431
111,0.04226615546563334,0.059397066024501774,0.04512750061321006,0.046669123304965685,0.04859276100391588,0.05484765839394864,0.0556662801610225,0.036448199605944274,0.1633419315673799,0.046746326155759674,0.02722365526122998,0.05555848012495915,0.045393289428792984,0.04155189487240366,0.04603272616898888,0.05444731052245996,0.05190006792491798,0.026825260306187593,0.02495501732279415,0.027009295770984078
112,0.06800479367970294,0.06361738763585113,0.06320958386895466,0.05146308710896439,0.033462676255091924,0.03857581863702448,0.062523810308503,0.06507985631713507,0.05393483636666096,0.06068887455523612,0.019645829285247513,0.04212979901132816,0.048669663661465995,0.06028793765931111,0.06666479774512751,0.0537948367914068,0.04175124237818496,0.053790676967961755,0.015455634927205213,0.03724885683963629
113,0.04935528589971,0.05449646151426313,0.062460926788333565,0.058213926958632305,0.039484228719768,0.059824588969345456,0.03661444768499789,0.021677615767715767,0.06061175461367895,0.060413027549371806,0.015668344730066668,0.04935528589971,0.06580704786628,0.03476598755199698,0.07443224346040407,0.03649561169876664,0.027531520025688573,0.04935528589971,0.037839052523111,0.1055973558784493
114,0.05200150426733526,0.04574267659930029,0.05454293116761857,0.05399228867255718,0.04722827424254447,0.06656583534972804,0.05296854581182627,0.04021685885712735,0.0548392115057345,0.04945953129337335,0.046020824439318146,0.046823876576804896,0.04541824422655707,0.04349846666417872,0.0597890179578017,0.04491775004110759,0.05320175750704841,0.06552979121977118,0.0369810196387378,0.040261593961529056
115,0.06228369615576161,0.045140939707763394,0.04740251828115976,0.043026901209052705,0.031373782131600934,0.0591867742437891,0.04847894006088473,0.04571608253461851,0.042719566200416614,0.04898943059008248,0.026809069214871303,0.04346064013253106,0.05084074883428162,0.05226859477860276,0.05376878964883,0.04639396480782207,0.05354151372316205,0.058760618815348095,0.07529707711584224,0.06454035181357906
116,0.05631353707253441,0.06675495217430297,0.007448209231870281,0.022058158109769677,0.050800606555833204,0.03594662803073577,0.062241624433768704,0.08823263243907871,0.008608061701373532,0.05687209171320024,0.03781398533103373,0.11087126839384233,0.00883062209565425,0.08144550686684189,0.004801775915051903,0.0715961764909696,0.07510418444881364,0.06343351977129032,0.030828269165461237,0.05999819005857353
117,0.033740453773735336,0.07641049315827822,0.045539171251641905,0.033582788101895446,0.039008359870592486,0.046534678716212675,0.05869369317990076,0.06605061615424095,0.05183944102850646,0.05162871159343123,0.06430715469359029,0.05470124955167445,0.036092440843161766,0.037091153328965065,0.04885091449471229,0.052301085511857304,0.06195445391211747,0.047704929512330456,0.04486357007429196,0.04910464124886348
118,0.048198878282356646,0.04913236595832759,0.06512895022382958,0.043836793419885306,0.06512895022382958,0.04318332569188701,0.030114934948629168,0.024076104822079183,0.05991863420592323,0.04330503883303757,0.11021822345571161,0.05518559904461896,0.03729915462319208,0.05675522805219436,0.03843298476105845,0.04816977062506434,0.0400077837089239,0.031097606863630344,0.06919950961281894,0.041610162643002234
119,0.07687463545634539,0.052085870942117446,0.07957563616156832,0.03358971576669215,0.05553716273776122,0.05305042410771221,0.0344579857522056,0.049261108100018484,0.03167573866625535,0.04836277887405661,0.057692336217137034,0.048842976678479866,0.01564814466923664,0.053930407445991806,0.030299953769212552,0.06295743101939341,0.06524346513246866,0.04555019173386325,0.01989390904039208,0.08547012772909192
120,0.07638468569844192,0.0348446189698448,0.09077169647606628,0.1393784758793792,0.0812031120340731,0.06365316221262987,0.00815078806312159,0.030409849282773644,0.009955605419955656,0.024280337506625522,0.0327949355010304,0.057493621300243915,0.004602881300767447,0.06718757298800844,0.014337414888098029,0.07908553968436685,0.05362451101203388,0.05721212547013819,0.018762487137608738,0.05586657917479249
121,0.08776718109202543,0.04459551558420024,0.11702290812270057,0.04459551558420024,0.009751909010225048,0.05851145406135028,0.04459551558420024,0.07801527208180038,0.05851145406135028,5.8511454061350284e-06,0.04135184493758891,0.04459551558420024,0.04459551558420024,0.04459551558420024,0.04459551558420024,0.04459551558420024,0.04459551558420024,0.05851145406135028,0.04459551558420024,0.04459551558420024
122,0.023247582960557,0.0378776737709983,0.03378955479571434,0.009013194992511346,0.00319127478203751,0.6669764294458396,0.01390914103114462,0.0020908352020245755,0.022737832822017256,0.01928249128864918,0.009263561520081105,0.01336923800670948,0.016935282512218035,0.01670423973567398,0.010323571047254565,0.026966701999157933,0.01401394992926255,0.030926264116499517,0.009263561520081105,0.020117618521568247
123,0.2637082076129284,0.056390662880244705,0.02050108075648814,0.018206533115857904,0.01219899020220782,0.40256667667285806,0.009768540046978675,0.007152199839365499,0.011138208445494097,0.009030831400771622,0.004328673942718904,0.0033547223056071503,0.006128169691908293,0.009244746228395488,0.011331926155463985,0.028455233842203508,0.0290848307927048,0.08991336940916626,0.004375724746444109,0.003120671912192698
124,0.017818952222183583,0.09818000690138534,0.007868539852918433,0.003952381655020921,0.3359524406767783,0.010091594632732683,0.007033899555545708,0.0902970761912937,0.007986982244915976,0.0697381167548119,0.1133094030684992,0.008864987060624724,0.005595620408453706,0.005792283459944454,0.005386222720690253,0.010915841487596667,0.009918353661161509,0.080655248654544,0.035711479914460685,0.0749305688764383
125,0.3004005612054438,0.15967237037046111,0.017356476869647863,0.017786875334532853,0.004385409652634216,0.12400877259726505,0.014978421334343458,0.00275596845142609,0.004924599364023669,0.007491285815597102,0.03918268189636223,0.05358496497178187,0.010267078697652173,0.008555712186230994,0.007465576077295052,0.08690001550289637,0.0679084471170862,0.05304946080862093,0.004551523654627936,0.014773798092071005
126,0.06411979693644787,0.03708944511316141,0.19692729191035704,0.02606390628225314,0.005719879848018669,0.04336378751157357,0.012591259073552241,0.0077416134411933965,0.016274982802508848,0.05442821778588758,0.03132934189482953,0.16124708571057111,0.003309702385048017,0.04812133072997446,0.06411175512417902,0.08858608907477518,0.07663336879190569,0.03237160962909978,0.006564243063678568,0.023405292890985058
127,0.0463452727841865,0.049575088614638115,0.08238912079802106,0.06713643356456923,0.04834702253422335,0.0599789002675916,0.025155034346402753,0.03408592990838762,0.031236254016840086,0.034954282711448556,0.050280903435592286,0.1571278232362259,0.012307662394482445,0.03585904679664906,0.05416438784728437,0.05174742978579706,0.03805439469002346,0.047271506143101855,0.02618797053937098,0.047795535585163765
128,0.05201753622725898,0.044183847330531614,0.09776851324202741,0.04101028240017928,0.04964097885972908,0.055671832224772975,0.05577460898283278,0.04155161812786164,0.043940904827877485,0.04361343825384309,0.04888425662101371,0.044993814052559325,0.00625303120943006,0.05332827995019676,0.06270334286381583,0.05753689635884171,0.05474367094202562,0.04841614472450605,0.03875508633017303,0.05921191647052364
129,0.024666886477552687,0.03474369955401614,0.0005502180487210622,0.019341360538738212,0.11416537592334854,0.014882947219504143,0.03157773149181749,0.1055228647066973,0.0015221601108331183,0.1271003692545654,0.04276274105761078,0.028325225148160285,0.02309871086814434,0.030192424880394843,0.011385328851535715,0.03198009290921322,0.026687237653148923,0.06815878580254364,0.13176460298867787,0.13157123651477623
130,0.04292200552978388,0.0488569574391663,0.0289618655445323,0.042864417865835155,0.04844530236539948,0.045691167176866714,0.05698720079517858,0.04950913501869373,0.0424269051869287,0.04492540736011281,0.11386716367935776,0.042584780470624674,0.0019153693826575674,0.047367416053825856,0.06646443798804352,0.054515522042794785,0.04295755736615771,0.0768603354835665,0.048911122580451404,0.052965930670022504
131,0.057413219175267254,0.014098284628187484,0.08625039149067364,0.14286261756563318,0.01827312550258099,0.07529582985134592,0.039839131363773365,0.022057173733411296,0.024073535004153657,0.014067434990051406,0.03278814173637483,0.08240351608801412,0.06114203438750783,0.09415202256041728,0.019319061979159696,0.06775522730156164,0.0740304404700207,0.03126912713785947,0.024692304270603264,0.018217380763402888
132,0.07020853742271371,0.06392997708658191,0.017585042280960334,0.029994386530587135,0.03637811244695152,0.025393737478006866,0.036069874135311625,0.051512063138433546,0.06563503778754223,0.0671437230212575,0.04336405952862545,0.0494937492600602,0.044466342773921835,0.10810476812065781,0.06463374870348308,0.05241081524568611,0.06762161756627498,0.060109978825710585,0.03544418626906813,0.010500242378165438
133,0.04297859556950395,0.0389570269840718,0.03673265051845885,0.044312266771151416,0.05316198671538999,0.04086892199952554,0.062234541334483494,0.04778379644257556,0.08786052894280022,0.04618309854685653,0.020184175567940593,0.053067174719195476,0.04563529912638764,0.04810049763968647,0.05965948562545653,0.050513247386218874,0.0518402886313531,0.05905044852202155,0.0641144400393407,0.04676152891758183
134,0.0708696318045211,0.06220891122736375,0.0006359384382624646,0.026005822943413977,0.009949167716367903,0.028468484798963075,0.03825636653953043,0.09828054481912119,0.04132833657816547,0.0489668405382742,0.03457548370491615,0.05289146523109766,0.08249322657859126,0.04401285563416499,0.048119766637102476,0.0705843731413175,0.08740002380179449,0.11828454951681841,0.003548536485504552,0.033119673864709154
135,0.05487139408436629,0.05014818608203525,0.04675302923971354,0.037547599769691464,0.04497883298812104,0.048160127080669184,0.04502071272088465,0.04433889907848741,0.04714807227111134,0.05637098881356853,0.0288013677010978,0.0647728353415296,0.035715575716504244,0.05944568972113558,0.0531754779326815,0.08267059247537331,0.049920319302436955,0.05599858175319629,0.034399843848813054,0.05976187407858311
136,0.06236385613574121,0.035115173251877255,0.054870446459378705,0.04346145693792803,0.08474074867395172,0.06195130458612324,0.06175456033585769,0.0375737281856201,0.03653607899937874,0.028971000693442214,0.047802473610947124,0.06638247031130598,0.051098642564783754,0.04195901147933532,0.053331137133089276,0.058364184568382486,0.03538559206490497,0.039327198279624005,0.05855680947694417,0.04045412625138399
137,0.05595568056605908,0.03813882332478614,0.05243235371216127,0.04797047565881744,0.05170145516444955,0.0443243610993586,0.049768959235393775,0.07051247568187205,0.05058680492978595,0.052596420154717625,0.04301261016594195,0.05103360116364827,0.040999735233569715,0.052510804291848207,0.050714439556987935,0.05236771945970917,0.048831059652956046,0.047332193321886554,0.04542376710592507,0.05378626052012566
138,0.053803684767357224,0.03921579102950742,0.07881355404956197,0.039917227504376596,0.042464952625373746,0.042630623075893964,0.05134953111215991,0.04000302812144205,0.058631716809497546,0.050141726628083395,0.04935054318991264,0.052206420713136956,0.05352534220464608,0.06099641841667369,0.052066592005970476,0.05479980659969544,0.04850707087160541,0.04242067966529961,0.04232579754513514,0.04682949306467082
139,0.06046281812069435,0.05447268817694517,0.046759878599663386,0.04153103177619675,0.05660222721550624,0.08592627264040707,0.06040143877027335,0.028712464567801868,0.04213692216019962,0.027791144223332197,0.04155450889986899,0.08449416809640027,0.01996822804269295,0.05930123041380206,0.05194592511788072,0.05999585900336115,0.026387287981061176,0.032088649533761976,0.055374709034929005,0.06409254762522167
140,0.047834519716750096,0.04155362921562978,0.044804086452215335,0.036350596888913525,0.04287935392130853,0.06648580674500765,0.05327750856419507,0.052195412307437405,0.05680159960007656,0.046334135231587185,0.06853783781738441,0.05737672771065227,0.05200499656380333,0.05449918293280675,0.050938974593758124,0.04877283828135432,0.05213340191724078,0.04845430902881663,0.036985481897885045,0.04177960061317701
141,0.046522100406060175,0.04358050177495924,0.04660917121684354,0.05001107879343949,0.0528855042721564,0.05519917875165271,0.049562165995871904,0.0520368116420628,0.04937385471812996,0.051595665539282735,0.04859148578215321,0.050711672005407764,0.0486030402321195,0.05143121879206012,0.04743536521926879,0.0541117210364718,0.0474749137272153,0.06619443912210304,0.04270608975619551,0.045364021216546146
142,0.05148273752945251,0.04911712012062711,0.0449716854301394,0.046130677940453176,0.04218976988941883,0.04440113377678321,0.04657104425760968,0.059225389235164023,0.04268828428401366,0.051587890179635214,0.045847582925401746,0.07236184774973048,0.05272821177241409,0.04591234477913934,0.05862514070952073,0.05158658227388029,0.05529489143817807,0.04411597558987593,0.044403861119152795,0.050757828999409664
143,0.0510911370706811,0.04121859255201425,0.05752508663432259,0.046412188090236256,0.06095891272774256,0.046141888490022015,0.05045712026809664,0.05820601498047418,0.047024053243166566,0.05059981574396795,0.0432912506081183,0.03651299389474814,0.05077258714600681,0.05710070611708018,0.04596681008009254,0.048355659875752306,0.048767252149111186,0.07180436345844522,0.0397685705308312,0.04802499633908998
144,0.051602261956635136,0.0713122063327698,0.04166181486574899,0.042007183696555137,0.043936510653819955,0.07056469892886236,0.048113864712631065,0.043902270649114165,0.05088800403523728,0.05064384952946185,0.04581439408067929,0.05160865403027045,0.050510933428837675,0.04223825209043543,0.050873633829938265,0.04991975660710736,0.0527779481110846,0.04678061513810741,0.04191962312605685,0.05292352419664677
145,0.04685224078870593,0.048117616302168334,0.04249354327367675,0.04409787047281444,0.08391623362396745,0.037376117734377344,0.050843725493643376,0.05824016760059455,0.05343982486440267,0.04461700208154834,0.03903264128712098,0.06660615852664681,0.04821178820833137,0.04487749700302855,0.04622322748690297,0.04234214397338311,0.045607535539816786,0.05997012059225765,0.04680432761331938,0.05033021753329327
146,0.07401292509855566,0.04560944092789223,0.05147880617091141,0.05417939615057669,0.037601421754250144,0.0420546051311879,0.04547612776710874,0.051958568629794116,0.0519611289219312,0.04627868312120156,0.05403397599219707,0.05524661470626785,0.05744304239058664,0.0474441827554844,0.05351759035981886,0.04728307732914922,0.04740230099415541,0.05444290713015028,0.03570035210636214,0.04687485256241858
147,0.05015421573264806,0.055133936263595855,0.05799780551633029,0.054949351334167895,0.04438059588782682,0.046176249313209516,0.04304740556162538,0.04989442144155304,0.05090112959134599,0.05236341883570422,0.04127705771385292,0.05072704784045439,0.05008219299113903,0.04274365083202733,0.047783960458960405,0.04543138994088121,0.07169173181879716,0.05070504964107236,0.041454402752365706,0.05310498653244234
148,0.05515146748467555,0.06309292687773771,0.044579172272687255,0.037149310227239385,0.032992515162165025,0.04183335369067392,0.0382107190908748,0.03544564759261439,0.051063415512350864,0.04735368019735101,0.07476298683231926,0.037514713278654854,0.10401806863627028,0.04340064243099553,0.06074381176124674,0.05009052533926362,0.05056433892040916,0.049076774223047404,0.04189616653405331,0.04105976393536984
149,0.04870040564678884,0.04991747305699814,0.044651640680313846,0.04916564835096464,0.05038059155897734,0.05082435894770734,0.05338822621939132,0.040748957597549505,0.046526739447539205,0.05502448772319661,0.040321951852979925,0.05480961939161013,0.04929539103411302,0.044905208716281404,0.04993761731569749,0.04707766114694408,0.07251933131767284,0.0497728306748618,0.05617104275472925,0.04586081656568325
150,0.05038433619146136,0.05329701823817778,0.042437881585307424,0.04988119428384137,0.04246474735479374,0.04371243779167881,0.04198032560225211,0.045049754477533975,0.07362094785966958,0.05378726706691828,0.03432633151739195,0.04938386617241737,0.05304770091295363,0.05419546494326008,0.04584814343574253,0.049883352521738734,0.047720566203014736,0.04698178909465756,0.07822225710089892,0.04377461764629002
151,0.049714854194660846,0.04608657131612,0.04436124260027363,0.04598219256254182,0.05318410321599676,0.07005777451745758,0.04009595900055748,0.03959341283124249,0.05617840409418768,0.045965762278588396,0.04658480882861869,0.05771508967691294,0.05017928859162838,0.05130991936489851,0.043290673377876135,0.0485015362043937,0.05491496247935485,0.055779896500700116,0.04686791884094723,0.05363562952304279
152,0.074362518635847,0.05597528755083451,0.047468298514383354,0.047922512009768076,0.048053757530023875,0.052077597185681314,0.05097886949591878,0.04893645839970259,0.042186428841490126,0.05262726529510365,0.027747208446211574,0.048069480593237325,0.05254559806469822,0.06455647222232873,0.0499760548392749,0.04910371862644574,0.049728733392654274,0.05586301951442919,0.03526469955926765,0.04655602128269909
153,0.045099540242337526,0.06282752627677371,0.048697534114978146,0.05020707925461314,0.06618952919736643,0.05490099553995567,0.04263511353148467,0.042700656768474905,0.03387877889332708,0.04764135976607724,0.03772595730107423,0.043582711691217926,0.04946363359888485,0.04855744580403637,0.03927542053815891,0.046772139057470165,0.06951749435254127,0.054899329652240536,0.07708402435009677,0.03834373006889048
154,0.04566308671491887,0.05094292652214923,0.059631787630142034,0.05171315702473992,0.046964829961008744,0.04956369698261909,0.043248556664638546,0.03909949617606742,0.05037766989241494,0.04771796346973959,0.04295042632174922,0.049154339337380934,0.07166185261291852,0.04950613573521271,0.0487887850479282,0.04936412203925134,0.04950661813396027,0.05171473899901336,0.046650460916645,0.05577934981750218
155,0.0554974227954099,0.05028772024525369,0.03921764813111747,0.040957030389467367,0.04498115052220672,0.04659688142788244,0.04725160580935378,0.04828459891660918,0.05572664759140055,0.04764250269471956,0.04967401964293773,0.04632265307672964,0.04690063496550974,0.06099211784893832,0.04649175850487195,0.052300812212311566,0.07296942195824646,0.05167520070753805,0.051078595370772514,0.04515157718872338
156,0.05134243557156634,0.06143387830386612,0.04534940916738453,0.050473804260618385,0.05178459937207739,0.04329891521056344,0.05318034309304849,0.04508869529893946,0.04643355878449357,0.047688058035852784,0.039210829604102056,0.0709529297598037,0.052887653525964314,0.05399689533640823,0.044026498775522296,0.054866654844794784,0.04696026863560823,0.04667955905250244,0.04568938658775239,0.04865562677913105
157,0.044332769251258265,0.05780303421892542,0.0465779650838553,0.0536370008374261,0.04473574037544906,0.049040286151158886,0.0502926631835198,0.0445371598848673,0.0497625172629497,0.047152771121823214,0.04294449639214612,0.05245643960607146,0.048744353134914715,0.05616568631496049,0.04781487834440669,0.04723216780011475,0.06925283652427167,0.04409263332660463,0.05410377853458724,0.04932082265068928
158,0.07144335847144477,0.05442332870720615,0.04300851316866667,0.048306897187097894,0.044793851740032836,0.054412632838821515,0.05051637231654378,0.04691802645885926,0.04185213243789257,0.047134192802435984,0.04444632900297255,0.05082385478633783,0.04926353667719221,0.05215365168415469,0.05115001342363817,0.050085952367547266,0.04391152764586362,0.04594489497429804,0.054137203313765606,0.055273729995228636
159,0.04109228451724689,0.048287903091828704,0.05868933781902604,0.06298378764849476,0.0540792322693087,0.04100754189079166,0.04938858323583362,0.047217656500192585,0.049859674337467734,0.043271158027757224,0.04266706007356041,0.05645701730961725,0.045436017939517105,0.052863642003229995,0.04069744161266796,0.048574351702145045,0.0645850703853209,0.04340567697966081,0.055827772705955354,0.0536087899503772
160,0.043596451358407624,0.04233840166701442,0.04782495037997234,0.0553423826171093,0.04471176618015372,0.04905271100361635,0.05455104932643584,0.05514929792265433,0.08619698531514369,0.04867295419276202,0.03773720673519274,0.05089756582017024,0.06734139477745602,0.04592018327603491,0.04735959557827951,0.04884007575702943,0.05070592957965474,0.04908029799007059,0.032930682061503215,0.04175011846133897
161,0.04531034620743456,0.058803964835431814,0.04928453343408517,0.07258274387903707,0.0490564478089561,0.04102644447931056,0.04487425825565551,0.04587094544379666,0.049004389142931766,0.042224186373033934,0.04497470723148698,0.05097394157991868,0.044189853512411593,0.0488029913892253,0.046163796437580326,0.044597019082360675,0.06957413273379201,0.0460081828368823,0.056757845124935584,0.049919270211733466
162,1.9247713074587357e-05,1.9247713074587357e-05,1.9247713074587357e-05,0.07626452350308198,1.9247713074587357e-05,1.9247713074587357e-05,1.9247713074587357e-05,1.9247713074587357e-05,0.19247713074587358,1.9247713074587357e-05,0.038495426149174714,0.09623856537293679,0.19247713074587358,0.027496732963696223,0.10033382347391283,0.19247713074587358,0.08352781145575645,1.9247713074587357e-05,1.9247713074587357e-05,1.9247713074587357e-05
