location,A,C,D,E,F,G,H,I,K,L,M,N,P,Q,R,S,T,V,W,Y
1,1.3333333333333333,,,,,0.5,,1.5258620689655173,1.2272727272727273,1.1037037037037036,1.0,0.0,1.2,inf,1.1346153846153846,2.0,1.3597560975609757,1.5454545454545454,,
2,1.0,,0.16666666666666666,0.6442307692307693,,0.9418604651162791,,inf,0.5,,,,1.2203065134099618,inf,inf,1.6369863013698631,1.236842105263158,1.3653846153846154,,
3,2.4307692307692306,0.7121212121212122,0.7763157894736842,1.3333333333333333,1.5625,2.0964912280701755,1.0254237288135593,1.0625,1.1964285714285714,1.0808823529411764,0.9142857142857143,0.5172413793103449,1.2798913043478262,1.8113207547169812,1.2552742616033756,1.0,0.8847926267281107,0.8333333333333334,1.2826086956521738,1.175
4,1.1338709677419354,0.538961038961039,1.0,0.8681818181818182,1.6764705882352942,0.9104938271604939,0.9908759124087592,1.6666666666666667,0.9214285714285714,1.068922305764411,0.7265625,1.2590361445783131,1.1797752808988764,1.3043478260869565,1.2154761904761904,0.9389400921658986,1.1306532663316582,1.1715328467153285,1.078125,1.2121212121212122
5,1.15,1.1349206349206349,1.72,1.2142857142857142,1.108695652173913,1.0,1.032520325203252,2.59375,1.375,1.3402777777777777,0.16666666666666666,1.197674418604651,1.0705426356589147,2.282608695652174,1.397338403041825,1.680084745762712,1.0081967213114753,1.1466666666666667,4.333333333333333,1.3263888888888888
6,0.9002493765586035,0.5380434782608695,1.3644067796610169,1.391304347826087,1.8409090909090908,1.1925925925925926,1.2428571428571429,2.088235294117647,0.6203703703703703,1.236842105263158,0.953125,1.4078947368421053,1.1447507953340403,1.6058823529411765,1.2153179190751444,0.8285714285714286,1.1584158415841583,1.0,0.375,0.36428571428571427
7,1.3403805496828753,1.2826086956521738,1.2517482517482517,1.131578947368421,1.2662337662337662,0.9801136363636364,1.3103448275862069,2.2540983606557377,1.3227848101265822,1.3528571428571428,1.9090909090909092,1.0174418604651163,1.3550884955752212,1.0393700787401574,1.1996233521657251,1.3472906403940887,1.2465564738292012,1.0,1.6875,1.04375
8,1.0645539906103287,2.43859649122807,1.8981481481481481,1.09375,0.11206896551724138,1.1518324607329844,0.08620689655172414,1.6666666666666667,0.13043478260869565,0.7790055248618785,0.6111111111111112,1.8478260869565217,1.0460164835164836,0.7279411764705882,0.10330578512396695,1.400297619047619,1.6411564625850341,1.0,0.16666666666666666,0.07142857142857142
9,1.1884816753926701,1.0141509433962264,1.146341463414634,1.0,0.4838709677419355,1.375,1.2140077821011672,1.2427184466019416,1.3058252427184467,1.2554517133956387,0.6857142857142857,1.196808510638298,1.4742857142857142,1.344155844155844,1.2507042253521128,1.1601208459214503,1.158974358974359,1.4801980198019802,1.6333333333333333,1.2926829268292683
10,0.8920863309352518,1.1643835616438356,1.603658536585366,1.0346534653465347,0.8533333333333334,1.0335570469798658,1.3154761904761905,1.0,1.1835443037974684,1.176252319109462,1.1923076923076923,1.4482758620689655,1.1258341277407053,0.9294117647058824,0.06231884057971015,1.0372050816696914,1.1599025974025974,1.3513513513513513,0.2,0.9464285714285714
11,1.2387755102040816,1.5275229357798166,1.64,1.3088235294117647,1.0792079207920793,1.0,1.257201646090535,1.0625,1.007936507936508,1.1180400890868596,1.0,1.618811881188119,1.15136476426799,1.0096774193548388,1.3402489626556016,1.2521739130434784,1.2328358208955223,1.29296875,2.425,0.910377358490566
12,1.1995515695067265,1.0670103092783505,1.4326923076923077,1.1367521367521367,1.8777777777777778,1.1098265895953756,1.3276515151515151,1.4363636363636363,1.0,1.0719557195571956,1.7419354838709677,0.9245283018867925,1.0902061855670102,1.2648305084745763,1.2161520190023754,1.3733333333333333,1.44,0.919047619047619,1.3297872340425532,1.3203125
13,1.1784452296819787,0.9433962264150944,1.040983606557377,1.1111111111111112,0.9523809523809523,1.5886075949367089,0.8306709265175719,1.4157303370786516,1.4,0.96996996996997,0.7096774193548387,1.1706349206349207,1.2872711421098517,0.8551401869158879,1.292857142857143,1.4463768115942028,1.1150793650793651,1.0,1.0,1.261061946902655
14,1.4166666666666667,1.6555555555555554,1.5933333333333333,1.0681818181818181,1.4615384615384615,1.1411290322580645,1.3487654320987654,1.0120967741935485,1.4795918367346939,1.2918088737201365,0.9661016949152542,1.191358024691358,1.2749638205499276,1.4150943396226414,1.3064516129032258,1.2467320261437909,1.0,2.0875,0.25,1.0571428571428572
15,1.248,0.9381443298969072,1.641025641025641,1.525,1.0748031496062993,1.0,1.5819209039548023,1.3675213675213675,1.5,1.1782178217821782,0.4722222222222222,1.2967032967032968,1.3150537634408601,1.4055944055944056,1.372,1.1025896414342629,1.1891891891891893,1.2453416149068324,1.725,1.2913385826771653
16,1.4369747899159664,0.9473684210526315,0.9298245614035088,1.8157894736842106,1.4144736842105263,1.2446808510638299,1.3012295081967213,1.4298245614035088,1.3888888888888888,1.3725490196078431,2.0,1.6494845360824741,1.3317886932344765,1.162037037037037,1.5061728395061729,1.0,1.202127659574468,1.1611111111111112,0.2894736842105263,1.0941176470588236
17,1.3470149253731343,1.0723684210526316,1.5661764705882353,1.6296296296296295,1.8508771929824561,0.961038961038961,1.2839506172839505,0.8206521739130435,1.3793103448275863,1.2127659574468086,1.9285714285714286,2.215686274509804,1.2638613861386139,1.3066666666666666,1.2697594501718212,1.2581521739130435,1.170428893905192,1.0,0.8,1.608695652173913
18,1.325077399380805,1.1428571428571428,1.2575757575757576,0.8955223880597015,0.949438202247191,1.0,1.3295454545454546,1.6775362318840579,1.1988636363636365,1.248,1.2297297297297298,1.209090909090909,1.455794504181601,1.2678571428571428,1.1862244897959184,1.2586206896551724,1.334319526627219,1.269406392694064,0.8269230769230769,0.9583333333333334
19,1.3275488069414316,1.4324324324324325,1.2321428571428572,0.3541666666666667,1.0833333333333333,1.2028301886792452,1.4744318181818181,1.1261682242990654,1.5909090909090908,1.359922178988327,0.8916666666666667,1.661764705882353,1.4213973799126638,0.8970588235294118,1.1176470588235294,1.3392018779342723,1.0,0.986013986013986,0.7380952380952381,1.35
20,1.3488063660477454,1.422077922077922,0.7916666666666666,1.2,2.0833333333333335,1.1401273885350318,1.1208333333333333,1.777027027027027,1.625,1.1494949494949496,1.1666666666666667,1.2010309278350515,1.4951597289448209,0.8290322580645161,1.0623409669211197,1.2817796610169492,1.0,1.3191489361702127,1.1923076923076923,1.4166666666666667
21,1.1016483516483517,1.5789473684210527,1.5693069306930694,1.7608695652173914,1.5263157894736843,1.0584415584415585,1.042763157894737,1.1612903225806452,1.507462686567164,1.6897590361445782,1.0333333333333334,1.8445945945945945,1.199004975124378,1.0568181818181819,1.3109243697478992,1.1255411255411256,1.3070539419087137,1.0,0.9411764705882353,1.08
22,1.144359464627151,1.3017241379310345,1.2041666666666666,1.0,1.5120481927710843,1.0918367346938775,1.0454545454545454,0.9566929133858267,1.1363636363636365,1.044871794871795,2.6944444444444446,1.1893203883495145,1.436377245508982,1.3925233644859814,1.739010989010989,1.1997907949790796,1.247443762781186,0.894927536231884,5.333333333333333,1.1491228070175439
23,1.315450643776824,1.411214953271028,0.67,1.7166666666666666,1.077319587628866,1.417808219178082,1.5,1.0,1.161764705882353,1.3991935483870968,1.4791666666666667,0.8461538461538461,1.2357992073976223,1.4813432835820894,1.0017857142857143,1.244541484716157,1.0848837209302327,1.0081967213114753,2.0,1.2131782945736433
24,0.9802631578947368,1.12109375,0.8557692307692307,1.0,1.364864864864865,1.0964912280701755,0.8628158844765343,1.0042372881355932,0.7633587786259542,0.7123411978221416,0.8977272727272727,1.348,1.0,1.1458333333333333,1.0704787234042554,1.0070422535211268,0.8781725888324873,0.8884297520661157,1.2777777777777777,0.8099173553719008
25,1.1182336182336183,0.5211267605633803,0.2465753424657534,0.6166666666666667,1.10752688172043,1.0,1.1639344262295082,1.2966101694915255,0.6458333333333334,1.3362369337979094,0.25,1.2792207792207793,0.7855477855477856,0.8246753246753247,0.055793991416309016,1.2349726775956285,1.118712273641851,1.0,1.0833333333333333,1.7881355932203389
26,1.0408163265306123,1.4210526315789473,0.8529411764705882,1.0,1.1153846153846154,0.9047619047619048,1.2230392156862746,0.5985915492957746,1.0,1.640625,3.0833333333333335,1.71875,1.3164676304211187,1.0694444444444444,1.3978494623655915,1.4938524590163935,1.1985981308411215,0.953125,0.35714285714285715,1.0
27,1.1224489795918366,0.4,1.393939393939394,1.09375,1.0,1.3584905660377358,1.3288888888888888,0.9435483870967742,0.4166666666666667,1.1642857142857144,1.5833333333333333,2.061224489795918,1.224373576309795,1.4662162162162162,0.07253886010362694,1.224025974025974,1.3782894736842106,1.0703125,1.3333333333333333,1.7564102564102564
28,1.4407665505226481,2.1785714285714284,1.3333333333333333,0.7767857142857143,1.401639344262295,1.1904761904761905,1.1517857142857142,1.2241379310344827,1.4183673469387754,1.4289940828402368,0.9130434782608695,1.355421686746988,1.3619402985074627,0.7228260869565217,1.0,1.4969512195121952,1.2431761786600497,1.1107784431137724,1.6875,1.8942307692307692
29,1.9943820224719102,0.40384615384615385,0.9705882352941176,0.875,2.2916666666666665,1.0,1.1677018633540373,1.7,1.0560747663551402,1.0769230769230769,0.8035714285714286,1.2446043165467626,1.4525691699604744,1.5289855072463767,1.416,1.251082251082251,1.4793510324483776,1.8068181818181819,2.0,1.2358490566037736
30,1.3574766355140186,0.717391304347826,0.8181818181818182,0.7115384615384616,0.6544117647058824,1.0773809523809523,1.2463235294117647,1.588235294117647,1.21875,1.5259067357512954,0.6140350877192983,2.330357142857143,1.3389057750759878,1.8970588235294117,1.3413461538461537,1.626923076923077,1.1113744075829384,1.0,0.42857142857142855,0.9857142857142858
31,0.9854651162790697,0.08333333333333333,1.1538461538461537,0.9038461538461539,1.0075757575757576,1.62,0.8642384105960265,1.9727272727272727,1.8333333333333333,0.8809523809523809,3.75,1.0576923076923077,1.0,1.2710843373493976,1.371900826446281,1.4261083743842364,0.9800995024875622,2.1666666666666665,0.0,1.5444444444444445
32,1.2290076335877862,0.2796610169491525,1.328125,1.9375,1.0348837209302326,1.3518518518518519,1.4225663716814159,1.3846153846153846,1.2407407407407407,1.2,0.375,1.0934065934065933,1.2659574468085106,1.1875,1.2757936507936507,1.0,1.3636363636363635,1.2155172413793103,0.8333333333333334,1.3709677419354838
33,1.3907563025210083,1.5,0.47058823529411764,0.4069767441860465,0.125,1.0,2.3157894736842106,1.9130434782608696,1.0,1.1703296703296704,0.94,1.4011627906976745,0.9429824561403509,0.7452830188679245,1.2,0.7451923076923077,0.8168316831683168,0.8369565217391305,,0.19642857142857142
34,1.140625,0.4111111111111111,3.5,0.9433962264150944,0.8893805309734514,1.0,0.9425287356321839,0.7814814814814814,1.0769230769230769,1.1302083333333333,1.7,1.1236559139784945,0.6172914147521161,1.0377358490566038,1.0115384615384615,1.0652920962199313,1.11323155216285,1.2303370786516854,0.7,0.9696969696969697
35,1.226530612244898,0.34146341463414637,0.9601449275362319,1.5681818181818181,0.7980769230769231,0.6839080459770115,0.4388185654008439,1.0,0.12962962962962962,1.1780626780626782,1.074468085106383,1.5696517412935322,0.13392857142857142,1.0255474452554745,0.08858858858858859,0.8229974160206718,0.748898678414097,0.9102564102564102,0.14285714285714285,0.5514018691588785
36,1.0,1.0294117647058822,0.27380952380952384,0.2894736842105263,0.040983606557377046,1.5294117647058822,0.09126984126984126,1.6164383561643836,0.09917355371900827,1.167763157894737,0.325,0.27049180327868855,0.6875,0.17307692307692307,0.08908045977011494,0.6411483253588517,0.8669724770642202,1.108695652173913,0.1,0.09285714285714286
37,1.746252676659529,2.0275229357798166,0.45,0.14423076923076922,0.11267605633802817,1.9541666666666666,0.13636363636363635,0.17153284671532848,0.2608695652173913,0.09216589861751152,0.11764705882352941,1.0,0.09603658536585366,0.09395973154362416,0.19734904270986744,1.4860724233983287,0.10975609756097561,0.2564102564102564,0.027777777777777776,0.19230769230769232
38,1.2211838006230529,1.0,1.2134831460674158,0.03571428571428571,0.14534883720930233,1.7746478873239437,0.1172566371681416,0.0990990990990991,0.18181818181818182,0.5180995475113123,0.1206896551724138,1.6839080459770115,0.07417582417582418,0.17682926829268292,0.10591133004926108,1.2407894736842104,0.8717616580310881,0.5793650793650794,0.19736842105263158,0.34285714285714286
39,0.1301775147928994,0.09523809523809523,1.0,0.13043478260869565,0.2375,0.11176470588235295,0.09337349397590361,0.05673758865248227,0.14736842105263157,0.0762081784386617,0.1,0.115625,0.0707070707070707,0.125,0.09210526315789473,0.17073170731707318,0.09397163120567376,0.09090909090909091,0.11764705882352941,0.2840909090909091
40,0.7537037037037037,0.46956521739130436,1.087719298245614,1.6527777777777777,1.0,0.21551724137931033,1.223529411764706,0.49759615384615385,0.4875,0.4356060606060606,0.7903225806451613,0.7964601769911505,0.09129692832764505,0.808641975308642,0.08445945945945946,0.5396039603960396,0.6688311688311688,0.6619047619047619,2.0416666666666665,1.3487394957983194
41,0.17721518987341772,0.32887700534759357,0.19721115537848605,0.016908212560386472,0.1651376146788991,0.06629834254143646,0.019184652278177457,0.4573333333333333,0.014563106796116505,0.32543978349120434,0.11224489795918367,0.01694915254237288,0.03609913793103448,0.02926829268292683,0.019130434782608695,0.09590690208667736,0.21753607103218647,1.0,0.16666666666666666,0.06140350877192982
42,,0.5,,,1.0,,,0.3,,0.7586206896551724,0.49693251533742333,,,,,0.75,0.0,1.5,,0.4166666666666667
43,0.8175182481751825,0.565843621399177,0.6601941747572816,1.3265306122448979,0.6636363636363637,0.8801169590643275,0.6654611211573237,1.2385159010600706,0.8529411764705882,0.7985409652076318,0.6,1.1551724137931034,0.5538205980066445,0.738950276243094,1.0,0.6450151057401813,0.7088197146562906,0.8485714285714285,0.35714285714285715,1.1124031007751938
44,0.867983367983368,1.2321428571428572,0.6642857142857143,1.0980392156862746,0.6751152073732719,0.8913043478260869,0.6545741324921136,1.0053191489361701,0.11363636363636363,0.48214285714285715,0.8023255813953488,0.5688259109311741,0.3878504672897196,0.682,0.31514084507042256,0.6959302325581396,0.7020872865275142,0.6522491349480969,1.3181818181818181,1.0
45,0.7693298969072165,0.7622549019607843,1.0,0.7675438596491229,0.9018691588785047,1.0112107623318385,0.7428298279158699,0.9741379310344828,0.952755905511811,0.9180124223602485,0.7890625,0.8103448275862069,0.8955176767676768,0.614963503649635,0.6429404900816803,0.8163771712158809,0.8794002607561929,0.6640127388535032,0.7714285714285715,0.6756329113924051
46,0.8032979976442874,0.7949790794979079,0.4731182795698925,0.573943661971831,0.8073170731707318,0.47619047619047616,0.8195121951219512,0.7964601769911505,0.8881987577639752,0.7207792207792207,0.7894736842105263,0.7910447761194029,1.0,0.651702786377709,0.7644836272040302,0.7180052956751986,0.7010928961748634,0.6926782273603083,0.8888888888888888,0.7079037800687286
47,0.6572104018912529,0.8174603174603174,0.8975609756097561,0.835820895522388,0.8687150837988827,0.9933333333333333,0.7380073800738007,0.5959595959595959,0.6764705882352942,0.6481481481481481,1.6764705882352942,1.0,0.7935285053929122,0.5621890547263682,0.6817010309278351,0.742798353909465,0.6706689536878216,0.8282051282051283,1.3,0.6197916666666666
48,0.8243478260869566,0.6642857142857143,0.6925465838509317,0.5298804780876494,0.592274678111588,0.5764331210191083,0.6033333333333334,0.6724941724941725,0.39807692307692305,0.7610096670247046,2.75,0.78125,0.7491675915649278,0.8367346938775511,0.6850699844479005,0.6644067796610169,0.6023316062176166,1.0,1.4444444444444444,0.5
49,0.9850746268656716,0.6086956521739131,0.4,0.42857142857142855,1.375,3.272727272727273,0.9930555555555556,0.5921052631578947,1.5,1.0,0.2631578947368421,1.2647058823529411,1.011056511056511,1.3209876543209877,0.44507575757575757,0.43452380952380953,0.467005076142132,0.6111111111111112,0.4375,1.75
50,0.6373684210526316,0.6189320388349514,0.9386792452830188,1.0,0.82996632996633,0.7642679900744417,0.7942271880819367,0.5108024691358025,1.3448275862068966,0.7072981366459627,0.6666666666666666,0.8809523809523809,0.7485845718329794,0.6518987341772152,0.7257661038148843,0.8389261744966443,0.7594850948509485,0.7914893617021277,0.4659090909090909,0.8160919540229885
51,0.6555446516192346,0.6323024054982818,0.8502304147465438,0.4342105263157895,0.7977272727272727,0.5862068965517241,0.6946236559139785,1.0,0.7741935483870968,0.6764705882352942,0.32608695652173914,0.8230088495575221,0.5841965471447543,0.8187702265372169,0.8736007462686567,0.756201044386423,0.822239624119029,0.6841359773371105,0.5891472868217055,0.9558011049723757
52,0.7884948096885813,0.7609375,0.632890365448505,0.9375,0.7628992628992629,0.6979381443298969,0.7480136208853575,1.0,0.5692771084337349,0.7459476309226932,0.8940677966101694,0.7095588235294118,0.7205387205387206,0.6045045045045045,0.7551610239471511,0.7683995327102804,0.842807924203273,0.7141255605381166,0.5140845070422535,0.8507795100222717
53,0.737615449202351,0.937037037037037,0.6965442764578834,0.9224137931034483,0.6972972972972973,1.0,0.8922651933701657,0.8264192139737991,0.8092105263157895,0.782021151586369,1.0735294117647058,0.7857142857142857,0.8935219657483247,0.6788990825688074,0.700507614213198,0.7090032154340836,0.854726799653079,0.6324257425742574,4.875,0.5334190231362468
54,0.5441426146010186,0.5521978021978022,0.7076124567474048,0.5145985401459854,0.4010791366906475,0.35490196078431374,0.5385338345864662,1.0,0.04864864864864865,0.5689176688251619,0.44148936170212766,0.6528066528066528,0.6557377049180327,0.37844036697247707,0.9334650856389987,0.44713261648745517,0.7395833333333334,0.5847299813780261,0.10869565217391304,0.32235294117647056
55,0.8988,0.9534883720930233,1.0,0.9354838709677419,1.1066176470588236,1.0421686746987953,0.7243947858472998,0.6893491124260355,0.7701149425287356,0.6761148904006047,1.2173913043478262,0.9665551839464883,0.8502294534835211,0.6816901408450704,0.7813816343723673,0.7337317397078353,0.8610341643582641,0.7368852459016394,1.0816326530612246,0.6088560885608856
56,0.5726915520628684,0.6327014218009479,0.8839869281045751,0.6473684210526316,0.8816155988857939,0.8473684210526315,0.7948328267477204,0.6628440366972477,0.7727272727272727,0.8677510608203678,0.27040816326530615,0.6646090534979424,1.0,0.7530712530712531,0.9778761061946902,0.8707177814029364,0.8552368245496998,0.8927335640138409,0.5229885057471264,0.7566371681415929
57,0.9274310595065312,0.8869047619047619,0.6840796019900498,0.9176470588235294,1.2421875,1.0,0.6024,0.5265151515151515,1.0446428571428572,1.0069182389937108,0.9855072463768116,1.2666666666666666,0.8921085080147966,1.6347826086956523,1.3984962406015038,0.8529718456725756,0.8137886597938144,0.5095465393794749,0.96,1.1314432989690721
58,0.7036423841059603,0.5953947368421053,1.0,1.2428571428571429,1.225,0.6911262798634812,0.9658385093167702,0.9401709401709402,0.3923076923076923,0.9217557251908397,0.7083333333333334,0.6936026936026936,0.6522301228183581,0.78125,0.9303977272727273,0.8433734939759037,0.7938144329896907,0.802734375,0.8888888888888888,0.696078431372549
59,1.0025041736227045,0.6596244131455399,0.8571428571428571,0.625,1.031390134529148,0.9132075471698113,1.1090308370044053,1.0,1.0493827160493827,0.7505938242280285,1.4086021505376345,0.7696969696969697,0.7455263157894737,0.9602076124567474,1.03671970624235,0.9090909090909091,1.001002004008016,1.0387596899224807,0.4423076923076923,0.7290969899665551
60,1.2106918238993711,0.6755102040816326,0.758364312267658,1.4,1.0366300366300367,0.600609756097561,0.908485856905158,1.0,1.25990099009901,0.8656036446469249,0.7303664921465969,0.8595238095238096,0.8783783783783784,0.9119496855345912,1.1483606557377048,0.8461844197138315,1.013544891640867,0.7988636363636363,0.8070175438596491,1.2233250620347396
61,0.8977045908183633,0.8301158301158301,0.6208791208791209,0.6061946902654868,0.8613636363636363,0.6989795918367347,0.9836488812392427,0.7845911949685535,1.087719298245614,0.9545871559633028,0.4482758620689655,1.2777777777777777,0.8235630540463255,0.9434389140271493,0.6735366859027205,0.9126262626262627,0.7663605051664754,1.0,1.7380952380952381,0.8092105263157895
62,1.382313829787234,1.1966019417475728,1.0,0.8879003558718861,1.268361581920904,0.9301848049281314,1.2318668252080855,1.2600671140939597,1.015625,1.051819864281308,1.339080459770115,1.0016949152542374,1.13290113452188,1.3157894736842106,1.1247342310418142,1.4268891069676153,1.5268496420047732,1.1267857142857143,1.0142857142857142,1.2692307692307692
63,1.057915057915058,0.7781818181818182,1.0230125523012552,1.167808219178082,1.125514403292181,1.5087209302325582,0.7812995245641838,0.9057971014492754,1.085820895522388,1.1529761904761904,0.9230769230769231,1.3920454545454546,1.0,1.147940074906367,0.9203703703703704,0.9577060931899641,0.9528392685274302,0.8788461538461538,0.9411764705882353,0.9446254071661238
64,0.7839285714285714,0.8396946564885496,0.6981132075471698,1.4642857142857142,0.671957671957672,0.37738853503184716,0.7209302325581395,0.6484593837535014,0.9961538461538462,0.7491544532130778,0.7777777777777778,1.0,0.8869565217391304,1.2941176470588236,0.7258938244853738,0.7825047801147228,0.8689320388349514,0.6678082191780822,0.7682926829268293,0.9061488673139159
65,0.8916464891041163,0.7364864864864865,1.32,1.1153846153846154,0.957983193277311,0.8152173913043478,1.401985111662531,0.7204968944099379,0.6232876712328768,0.9532634971796938,0.7580645161290323,0.9184782608695652,1.0,0.8097345132743363,0.9577080491132333,1.0724137931034483,1.017435320584927,0.7991803278688525,1.5,0.9110169491525424
66,0.7975638051044084,0.8952095808383234,0.5884353741496599,0.6296296296296297,0.875,0.7644230769230769,1.0855263157894737,0.9635416666666666,0.6674528301886793,0.6552162849872774,0.671875,0.7063953488372093,0.8052128929566256,0.8275193798449613,0.9921465968586387,0.7462335216572504,1.0,1.0933333333333333,1.0888888888888888,1.2125
67,0.8876404494382022,0.708029197080292,0.6830708661417323,0.571875,0.8491803278688524,0.9790076335877863,1.2164179104477613,0.8282051282051283,1.0,0.7874531835205992,1.0206185567010309,0.9831649831649831,1.0253480899678686,0.9387755102040817,0.8229689067201604,0.8570336391437309,1.136513157894737,0.8186813186813187,2.196078431372549,1.140926640926641
68,1.0635802469135802,1.0255905511811023,0.7142857142857143,0.5577889447236181,0.6627450980392157,0.8720238095238095,1.1634948096885813,1.0633484162895928,0.6126126126126126,0.8050288540807914,0.9615384615384616,1.5,1.1628994544037412,0.8072519083969466,1.0235191637630663,1.0,0.7607334525939177,1.4068627450980393,0.7840909090909091,1.037174721189591
69,0.6960526315789474,0.3074626865671642,0.3223270440251572,0.43373493975903615,1.0,0.6024734982332155,0.722052067381317,0.5292134831460674,0.2231404958677686,0.20796847635726795,0.5188679245283019,0.10714285714285714,0.9323936932632585,0.28832116788321166,0.6869009584664537,0.7479123173277662,0.798469387755102,0.5695876288659794,1.5161290322580645,0.8802966101694916
70,1.31985670419652,1.1103896103896105,1.0,0.4408783783783784,2.118,1.3712737127371273,0.3838199513381995,1.420749279538905,0.17857142857142858,1.5537229029217718,1.39375,1.3005181347150259,0.49665551839464883,1.3716216216216217,0.14695550351288056,1.036790780141844,0.918918918918919,1.3697478991596639,2.4186046511627906,1.5573979591836735
71,0.2741758241758242,0.5994475138121547,0.8298429319371727,0.2336244541484716,0.41899441340782123,0.04179566563467492,0.5985915492957746,0.6316526610644257,0.7083333333333334,0.6422963689892051,0.4774774774774775,0.5,0.03523035230352303,0.3886861313868613,0.6346960167714885,0.6301652892561983,1.0,0.4143302180685358,0.4262295081967213,0.6136363636363636
72,1.0,0.1559633027522936,0.0625,0.01,0.04106280193236715,0.3669724770642202,0.01287128712871287,0.02911392405063291,0.031914893617021274,0.03054662379421222,0.21621621621621623,0.05459770114942529,0.03249361080686382,0.023636363636363636,0.13148984198645597,0.14069037656903766,0.05128205128205128,0.0872093023255814,0.15384615384615385,0.01702127659574468
73,0.1765873015873016,0.7361963190184049,0.540268456375839,0.9423076923076923,0.8161559888579387,0.1448087431693989,0.8123249299719888,1.0,0.5496894409937888,0.5717509025270758,0.330188679245283,0.7603773584905661,0.04380193905817174,0.7883895131086143,0.8437884378843789,0.5846007604562737,0.7840646651270208,0.7559808612440191,0.6125,0.5976331360946746
74,0.04617117117117117,0.06084656084656084,0.018421052631578946,0.021052631578947368,0.4367469879518072,0.046875,0.310790273556231,0.06198347107438017,0.009933774834437087,0.08185279187817258,0.1326530612244898,0.05527638190954774,0.0408423739629866,0.02247191011235955,0.04281567489114659,0.06776556776556776,0.030577576443941108,0.023809523809523808,2.8333333333333335,1.0
75,0.6878980891719745,0.6084905660377359,0.29347826086956524,0.6176470588235294,0.5234375,0.6666666666666666,0.5013440860215054,0.43037974683544306,0.5489130434782609,0.5098484848484849,0.3157894736842105,0.6329479768786127,1.0,0.6393805309734514,0.40480274442538594,0.7412451361867705,0.5093283582089553,0.6594202898550725,0.7333333333333333,1.0
76,0.6038461538461538,0.18309859154929578,1.0,0.5545454545454546,0.2626728110599078,0.11409395973154363,0.3595890410958904,0.2006172839506173,0.211864406779661,0.3173076923076923,0.9285714285714286,0.42526690391459077,0.7031419284940412,0.5925925925925926,0.0642570281124498,0.5637583892617449,0.6410256410256411,0.13695652173913042,0.4024390243902439,0.41541353383458646
77,0.684971098265896,0.1724137931034483,0.601123595505618,0.5,0.9,0.7005494505494505,0.5991983967935872,0.291970802919708,0.24375,0.25477707006369427,0.265625,0.025210084033613446,0.9096774193548387,0.6824644549763034,1.0,0.5658783783783784,0.400352733686067,0.6105769230769231,1.1486486486486487,1.1818181818181819
78,0.6995884773662552,0.5866141732283464,1.8571428571428572,1.536764705882353,0.35135135135135137,0.9950980392156863,0.6836734693877551,0.09183673469387756,1.0,0.5387523629489603,0.6285714285714286,0.5196078431372549,0.17915531335149865,0.4024822695035461,0.9346733668341709,0.8898305084745762,0.5721649484536082,0.4857142857142857,0.4112903225806452,1.1
79,0.11898016997167139,0.4336734693877551,0.2909090909090909,0.25,1.2697841726618706,0.34210526315789475,0.0962566844919786,1.0,0.28735632183908044,0.4519230769230769,0.9272727272727272,0.21153846153846154,0.040937718684394685,0.20588235294117646,0.0915032679738562,0.23326771653543307,0.15006821282401092,0.6488095238095238,1.1,0.9888059701492538
80,0.665938864628821,0.75,1.2941176470588236,3.3333333333333335,0.5896414342629482,0.725,0.8359621451104101,1.0,0.6602564102564102,0.5841708542713567,0.7777777777777778,0.8195876288659794,0.01680672268907563,0.8142857142857143,0.0031847133757961785,1.0513245033112584,0.6437823834196891,0.6204379562043796,1.0,0.8430232558139535
81,0.2662337662337662,0.20388349514563106,0.07142857142857142,0.06493506493506493,0.13157894736842105,0.2647058823529412,0.014084507042253521,0.8421052631578947,0.07547169811320754,0.1263537906137184,0.05555555555555555,0.025974025974025976,0.25,0.03614457831325301,0.04491017964071856,0.045307443365695796,0.03950617283950617,1.0,0.07142857142857142,0.06172839506172839
82,0.07272727272727272,0.38461538461538464,0.2,0.2631578947368421,1.0,0.08333333333333333,0.831081081081081,0.25742574257425743,0.07142857142857142,0.49291784702549574,,0.5,0.04395604395604396,0.723404255319149,0.014563106796116505,0.4070175438596491,0.17777777777777778,0.25,1.0,1.2692307692307692
83,0.024390243902439025,,0.25,inf,0.25806451612903225,0.0625,0.05714285714285714,0.023809523809523808,0.034482758620689655,1.0,0.3333333333333333,0.125,0.05263157894736842,0.02857142857142857,0.02040816326530612,0.09859154929577464,0.012048192771084338,0.10714285714285714,,0.027777777777777776
84,0.31221719457013575,0.3333333333333333,0.4,0.6666666666666666,1.0,0.01639344262295082,0.27638190954773867,0.05714285714285714,0.1111111111111111,0.7317073170731707,0.8823529411764706,0.08771929824561403,0.03177966101694915,0.4375,0.2157676348547718,0.43342776203966005,0.27702702702702703,0.14563106796116504,0.7058823529411765,0.38961038961038963
85,1.0,0.5342465753424658,0.017857142857142856,0.03007518796992481,2.007042253521127,0.030042918454935622,0.6775956284153005,0.9841269841269841,0.21804511278195488,0.9846153846153847,0.8333333333333334,0.03557312252964427,0.03607567091948966,0.08444444444444445,0.05394190871369295,0.49854227405247814,0.7520661157024794,1.0863787375415281,0.8378378378378378,1.3384615384615384
86,0.11885245901639344,0.034482758620689655,0.10869565217391304,1.0,0.03571428571428571,0.05847953216374269,0.12626262626262627,0.0125,0.05303030303030303,0.0641399416909621,0.13636363636363635,0.047619047619047616,0.06821705426356589,0.12935323383084577,0.04218362282878412,0.05042016806722689,0.03194888178913738,0.043478260869565216,0.03571428571428571,0.0125
87,1.4138817480719794,1.9444444444444444,1.0,0.6326530612244898,1.1900826446280992,1.1904761904761905,1.2484472049689441,1.1479289940828403,0.7164179104477612,1.368320610687023,1.6428571428571428,1.1338028169014085,1.3807339449541285,1.2302158273381294,1.8269230769230769,1.6740088105726871,1.2760416666666667,1.462686567164179,1.356164383561644,1.305699481865285
88,0.6848341232227488,0.7011494252873564,0.46551724137931033,0.3918918918918919,1.087719298245614,1.3294117647058823,0.7481203007518797,0.5,0.4852941176470588,0.8689024390243902,0.725,0.7307692307692307,0.2959927140255009,0.8315217391304348,0.7180327868852459,1.0,0.5439814814814815,0.36363636363636365,1.6666666666666667,0.9801324503311258
89,0.6173120728929385,0.42990654205607476,0.06451612903225806,0.04,0.42857142857142855,1.0,0.06569343065693431,1.4310344827586208,0.02631578947368421,0.47619047619047616,0.40476190476190477,0.06976744186046512,0.5900783289817232,0.10752688172043011,0.13679245283018868,0.37337662337662336,0.4026548672566372,0.7134502923976608,1.4444444444444444,0.4262295081967213
90,0.8095238095238095,0.9080459770114943,0.9907407407407407,0.34782608695652173,1.3235294117647058,1.4137931034482758,0.7757847533632287,1.7165354330708662,0.6538461538461539,0.7949526813880127,0.8,0.7033898305084746,0.11981566820276497,0.96,1.35546875,0.6703296703296703,1.0,1.7078651685393258,1.2,1.3173076923076923
91,1.20125786163522,0.5625,2.0416666666666665,0.90625,0.6415094339622641,1.0,0.46710526315789475,0.6794871794871795,1.2857142857142858,0.42570281124497994,1.3333333333333333,0.3382352941176471,1.1778846153846154,0.5555555555555556,0.7642276422764228,0.9798994974874372,0.5887445887445888,0.40404040404040403,0.1111111111111111,0.8387096774193549
92,1.0,0.6590909090909091,1.0425531914893618,0.8014705882352942,0.7762237762237763,0.9656862745098039,0.8866799204771372,1.0120967741935485,0.7946428571428571,0.8599735799207398,1.108433734939759,0.9135802469135802,0.40378343118069143,1.1155555555555556,0.7713068181818182,0.6721518987341772,0.841091492776886,0.7300275482093664,2.090909090909091,1.0046511627906978
93,1.1522988505747127,0.9388888888888889,0.8010752688172043,0.9914529914529915,0.7658536585365854,1.125984251968504,1.1411764705882352,0.8015873015873016,2.1728395061728394,0.9193548387096774,1.3095238095238095,0.8725212464589235,0.18447348193697155,1.1168831168831168,1.4235807860262009,0.9933701657458563,1.141388174807198,1.1756272401433692,1.1111111111111112,1.0
94,1.0,0.9041095890410958,0.47368421052631576,0.7432432432432432,0.06818181818181818,1.0,0.3592814371257485,0.5020576131687243,0.5628140703517588,0.5437262357414449,0.7833333333333333,0.34,0.30998140111593303,0.47244094488188976,0.7819383259911894,0.6430517711171662,0.6845360824742268,0.6199095022624435,0.025,0.03731343283582089
95,0.8733333333333333,1.056338028169014,0.5897435897435898,0.041666666666666664,1.032520325203252,0.28421052631578947,0.4122137404580153,1.0,0.08,0.5949197860962567,1.0,0.8072289156626506,0.8205128205128205,0.7737226277372263,0.23404255319148937,0.9292452830188679,0.8175355450236966,0.5789473684210527,0.1836734693877551,0.5157894736842106
96,0.8904593639575972,0.5845410628019324,0.7621621621621621,1.00990099009901,0.8548387096774194,0.897196261682243,0.879154078549849,0.8511904761904762,0.753731343283582,0.781021897810219,0.5373134328358209,0.5269230769230769,0.8515092502434275,0.43,0.968,0.8657105606258149,1.0,0.9289940828402367,0.84375,0.8723404255319149
97,0.8837209302325582,0.6534653465346535,1.0769230769230769,0.8493150684931506,0.9279279279279279,1.0793650793650793,0.8430232558139535,1.1,1.0,0.8739054290718039,0.6046511627906976,0.6530612244897959,0.935032483758121,0.7867298578199052,0.8095238095238095,0.8816067653276956,0.8262476894639557,0.900497512437811,4.428571428571429,1.1145833333333333
98,0.9626666666666667,0.6736842105263158,1.0,0.84,0.8648648648648649,0.6871508379888268,0.7586206896551724,0.6095238095238096,1.3943661971830985,0.9035087719298246,0.7352941176470589,0.6347305389221557,0.7856420626895855,1.3058823529411765,1.064625850340136,0.8297872340425532,0.861671469740634,0.5652173913043478,0.5641025641025641,0.8493150684931506
99,0.7994389901823282,0.6931818181818182,1.0069444444444444,0.9552238805970149,0.6353591160220995,1.0,0.6335616438356164,0.8063063063063063,0.9689922480620154,0.9011345218800648,0.6071428571428571,1.0864197530864197,0.08028059236165237,1.0976744186046512,1.0397643593519883,1.08018154311649,0.8607242339832869,0.8471337579617835,0.8108108108108109,0.8521739130434782
100,0.8909090909090909,0.738255033557047,0.8449612403100775,0.9230769230769231,1.028301886792453,0.6132075471698113,0.7540453074433657,0.8427672955974843,1.0172413793103448,0.6088794926004228,1.0196078431372548,0.7053571428571429,0.6881720430107527,0.8246753246753247,0.8855721393034826,1.0498533724340176,0.8181818181818182,1.0,0.5227272727272727,0.5819672131147541
101,0.7256637168141593,0.5555555555555556,0.5544554455445545,0.5185185185185185,1.0,0.5735294117647058,0.6768447837150128,0.8493975903614458,0.5578947368421052,0.6855345911949685,1.0740740740740742,0.8952879581151832,0.711882229232387,0.8874172185430463,0.04092071611253197,0.7051039697542533,0.7720090293453724,0.8333333333333334,1.6666666666666667,0.5102040816326531
102,1.0,1.0277777777777777,0.6590909090909091,0.5952380952380952,0.7536231884057971,0.8343558282208589,0.5519713261648745,0.8211920529801324,1.1768707482993197,1.152046783625731,1.0526315789473684,0.9731543624161074,0.04843918191603875,0.4690721649484536,1.1342756183745584,1.1377672209026128,0.8587662337662337,0.6018957345971564,0.95,1.3132530120481927
103,0.6666666666666666,1.290909090909091,1.1626016260162602,0.6923076923076923,0.9108910891089109,0.9956331877729258,0.8609625668449198,0.875,1.0,0.8976510067114094,1.0731707317073171,0.7326732673267327,1.1172161172161172,0.8548387096774194,0.8539176626826029,0.8528528528528528,0.7814029363784666,0.7869822485207101,1.0,1.2647058823529411
104,0.7588555858310627,0.8209606986899564,0.07317073170731707,0.1527777777777778,1.5698924731182795,0.6929133858267716,0.658273381294964,1.0,0.1678832116788321,0.9631268436578171,1.3647058823529412,0.12844036697247707,0.6753975678203928,0.4904214559386973,0.07862903225806452,0.5988023952095808,0.8920863309352518,0.7877551020408163,1.2083333333333333,1.0978260869565217
105,1.0060240963855422,0.7280701754385965,0.817258883248731,0.6285714285714286,0.5967741935483871,0.8826530612244898,1.0246913580246915,0.42391304347826086,0.937799043062201,1.0211081794195251,0.4714285714285714,1.0075187969924813,0.8970149253731343,0.8502673796791443,1.0,1.0294736842105263,0.8496583143507973,1.099236641221374,0.6190476190476191,1.075
106,1.0,1.0707070707070707,0.18269230769230768,0.22560975609756098,0.9591836734693877,1.1914893617021276,0.8084210526315789,0.7769230769230769,0.65,0.8711538461538462,0.7708333333333334,0.6467391304347826,0.7534059945504087,0.6190476190476191,0.03202328966521106,0.9406896551724138,0.8210227272727273,0.973404255319149,0.7142857142857143,0.9942528735632183
107,0.8098591549295775,0.6431718061674009,0.8492462311557789,0.95,0.6790697674418604,0.943609022556391,0.8537117903930131,0.6607142857142857,0.8195488721804511,0.7260458839406208,0.7631578947368421,0.675,0.9693593314763231,0.8325991189427313,1.0458579881656804,0.8564476885644768,1.0,0.9456521739130435,0.7,0.8651685393258427
108,0.8914185639229422,0.9699248120300752,0.7803030303030303,0.8235294117647058,0.9019607843137255,1.032258064516129,0.9003021148036254,0.8640776699029126,0.7272727272727273,0.8408710217755444,1.186046511627907,0.78125,0.8094043887147335,1.1846153846153846,0.9065533980582524,0.9484536082474226,0.9015151515151515,1.0,0.6511627906976745,1.0
109,0.8106194690265487,0.7614678899082569,1.4767441860465116,0.5258620689655172,1.25503355704698,0.7777777777777778,0.8,0.8082191780821918,1.0,0.7698412698412699,0.7391304347826086,0.8943661971830986,0.7696774193548387,0.7484662576687117,0.9695238095238096,0.7873376623376623,0.8560250391236307,0.9130434782608695,0.68,0.7872340425531915
110,1.1575630252100841,0.726775956284153,0.8928571428571429,0.7701149425287356,0.728,0.7301587301587301,0.9444444444444444,0.6451612903225806,1.4102564102564104,0.9196261682242991,0.9166666666666666,0.6216216216216216,0.9254533243787777,0.8084112149532711,0.98828125,1.0,0.8959183673469387,0.9067357512953368,0.890625,0.5289256198347108
111,0.7762762762762763,1.0909090909090908,0.8288288288288288,0.8571428571428571,0.8924731182795699,1.0073529411764706,1.0223880597014925,0.6694214876033058,3.0,0.858560794044665,0.5,1.0204081632653061,0.833710407239819,0.7631578947368421,0.8454545454545455,1.0,0.9532163742690059,0.4926829268292683,0.4583333333333333,0.49606299212598426
112,1.0,0.9354838709677419,0.9294871794871795,0.7567567567567568,0.49206349206349204,0.5672514619883041,0.9194029850746268,0.956989247311828,0.7931034482758621,0.8924205378973105,0.28888888888888886,0.6195121951219512,0.715679895901106,0.8865248226950354,0.9802955665024631,0.7910447761194029,0.6139455782312925,0.7909836065573771,0.22727272727272727,0.5477386934673367
113,0.75,0.828125,0.9491525423728814,0.8846153846153846,0.6,0.9090909090909091,0.556390977443609,0.32941176470588235,0.9210526315789473,0.9180327868852459,0.23809523809523808,0.75,1.0,0.5283018867924528,1.1310679611650485,0.5545851528384279,0.41836734693877553,0.75,0.575,1.6046511627906976
114,0.7812041116005873,0.6871794871794872,0.8193832599118943,0.8111111111111111,0.7094972067039106,1.0,0.7957317073170732,0.6041666666666666,0.8238341968911918,0.7430167597765364,0.691358024691358,0.7034220532319392,0.6823056300268097,0.6534653465346535,0.8981937602627258,0.6747868453105969,0.7992351816443595,0.9844357976653697,0.5555555555555556,0.6048387096774194
115,0.965034965034965,0.6994219653179191,0.7344632768361582,0.6666666666666666,0.4861111111111111,0.9170506912442397,0.7511415525114156,0.7083333333333334,0.6619047619047619,0.7590511860174781,0.4153846153846154,0.6733870967741935,0.7877358490566038,0.8098591549295775,0.833103448275862,0.7188365650969529,0.8295819935691319,0.9104477611940298,1.1666666666666667,1.0
116,0.6382393397524071,0.756578947368421,0.08441558441558442,0.25,0.5757575757575758,0.4074074074074074,0.7054263565891473,1.0,0.0975609756097561,0.6445698166431594,0.42857142857142855,1.256578947368421,0.10008340283569642,0.9230769230769231,0.05442176870748299,0.8114478114478114,0.8512064343163539,0.7189349112426036,0.3493975903614458,0.68
117,0.5446009389671361,1.2333333333333334,0.7350427350427351,0.5420560747663551,0.6296296296296297,0.7511111111111111,0.9473684210526315,1.0661157024793388,0.8367346938775511,0.8333333333333334,1.0379746835443038,0.8829268292682927,0.5825641025641025,0.5986842105263158,0.7884972170686456,0.8441860465116279,1.0,0.77,0.7241379310344828,0.7925925925925926
118,0.7400530503978779,0.7543859649122807,1.0,0.6730769230769231,1.0,0.6630434782608695,0.46238938053097345,0.3696682464454976,0.92,0.6649122807017543,1.6923076923076923,0.8473282442748091,0.5726970033296337,0.8714285714285714,0.5901060070671378,0.7396061269146609,0.6142857142857143,0.4774774774774775,1.0625,0.6388888888888888
119,0.9660574412532638,0.6545454545454545,1.0,0.4221105527638191,0.6979166666666666,0.6666666666666666,0.43302180685358255,0.6190476190476191,0.39805825242718446,0.6077586206896551,0.725,0.6137931034482759,0.1966449207828518,0.6777251184834123,0.38076923076923075,0.7911646586345381,0.8198924731182796,0.5724137931034483,0.25,1.0740740740740742
120,0.5480378890392422,0.25,0.6512605042016807,1.0,0.5826086956521739,0.4566929133858268,0.05847953216374269,0.21818181818181817,0.07142857142857142,0.17420435510887772,0.23529411764705882,0.4125,0.03302433371958285,0.48205128205128206,0.10286677908937605,0.5674157303370787,0.3847402597402597,0.4104803493449782,0.1346153846153846,0.40082644628099173
121,1.5,,2.0,,0.16666666666666666,1.0,,1.3333333333333333,1.0,inf,0.7067307692307693,,,,,,,1.0,,
122,0.03485517918507609,0.056790123456790124,0.05066079295154185,0.013513513513513514,0.004784688995215311,1.0,0.020854021847070508,0.003134796238244514,0.03409090909090909,0.028910303928836176,0.013888888888888888,0.0200445434298441,0.02539112592972557,0.025044722719141325,0.015478164731896076,0.04043126684636118,0.021011162179908074,0.04636785162287481,0.013888888888888888,0.030162412993039442
123,0.6550671550671551,0.14007782101167315,0.05092592592592592,0.04522613065326633,0.030303030303030304,1.0,0.024265644955300127,0.017766497461928935,0.02766798418972332,0.022433132010353754,0.010752688172043012,0.008333333333333333,0.015222744571300649,0.022964509394572025,0.028149190710767064,0.07068452380952381,0.07224848075624578,0.2233502538071066,0.010869565217391304,0.007751937984496124
124,0.05304010349288486,0.2922437673130194,0.023421588594704685,0.011764705882352941,1.0,0.030038759689922482,0.020937188434695914,0.2687793427230047,0.0237741456166419,0.2075833014170816,0.33727810650887574,0.026387625113739762,0.016655989750160152,0.017241379310344827,0.01603269412134549,0.032492222606291046,0.029523088569265707,0.2400793650793651,0.1062992125984252,0.22303921568627452
125,1.0,0.5315315315315315,0.057777777777777775,0.05921052631578947,0.014598540145985401,0.4128113879003559,0.04986149584487535,0.009174311926605505,0.01639344262295082,0.02493765586034913,0.13043478260869565,0.1783783783783784,0.03417796110783736,0.028481012658227847,0.02485207100591716,0.28928046989721,0.2260596546310832,0.17659574468085107,0.015151515151515152,0.04918032786885246
126,0.32560137457044674,0.18834080717488788,1.0,0.1323529411764706,0.029045643153526972,0.2202020202020202,0.0639386189258312,0.03931203931203931,0.08264462809917356,0.2763873775843308,0.1590909090909091,0.818815331010453,0.01680672268907563,0.24436090225563908,0.3255605381165919,0.4498416050686378,0.3891454965357968,0.1643835616438356,0.03333333333333333,0.11885245901639344
127,0.2949526813880126,0.3155080213903743,0.5243445692883895,0.42727272727272725,0.3076923076923077,0.3817204301075269,0.16009280742459397,0.21693121693121692,0.19879518072289157,0.22245762711864406,0.32,1.0,0.0783289817232376,0.22821576763485477,0.34471544715447155,0.3293333333333333,0.2421875,0.3008474576271186,0.16666666666666666,0.3041825095057034
128,0.5320479416362689,0.4519230769230769,1.0,0.41946308724832215,0.5077399380804953,0.5694249649368864,0.5704761904761905,0.425,0.449438202247191,0.44608879492600423,0.5,0.4602076124567474,0.06395751558531516,0.5454545454545454,0.6413449564134496,0.588501291989664,0.559931506849315,0.4952120383036936,0.3963963963963964,0.6056338028169014
129,0.19407407407407407,0.27335640138408307,0.004329004329004329,0.15217391304347827,0.8982300884955752,0.117096018735363,0.2484472049689441,0.8302325581395349,0.011976047904191617,1.0,0.3364485981308411,0.22285714285714286,0.18173598553345388,0.23754789272030652,0.0895774647887324,0.25161290322580643,0.20996978851963746,0.5362595419847328,1.036697247706422,1.035175879396985
130,0.5584415584415584,0.6356589147286822,0.37681159420289856,0.5576923076923077,0.6303030303030303,0.5944700460829493,0.7414383561643836,0.6441441441441441,0.552,0.5845070422535211,1.4814814814814814,0.5540540540540541,0.024920127795527155,0.6162790697674418,0.8647430117222723,0.709280303030303,0.5589041095890411,1.0,0.6363636363636364,0.689119170984456
131,0.40187713310580203,0.09868421052631579,0.6037296037296037,1.0,0.12790697674418605,0.5270506108202443,0.27886323268206037,0.1543942992874109,0.1685082872928177,0.09846827133479212,0.22950819672131148,0.5768025078369906,0.4279778393351801,0.6590389016018307,0.13522825150732126,0.47426841574167505,0.5181932245922208,0.21887550200803213,0.1728395061728395,0.12751677852348994
132,0.6494490358126722,0.5913705583756346,0.16266666666666665,0.2774566473988439,0.33650793650793653,0.2348993288590604,0.33365664403491757,0.4765013054830287,0.6071428571428571,0.6210986267166042,0.4011299435028249,0.4578313253012048,0.4113263785394933,1.0,0.5978806469604016,0.484815019326339,0.6255192878338279,0.5560344827586207,0.32786885245901637,0.09713024282560706
133,0.4891684136967156,0.44339622641509435,0.4180790960451977,0.5043478260869565,0.605072463768116,0.4651567944250871,0.7083333333333334,0.543859649122807,1.0,0.5256410256410257,0.22972972972972974,0.6039933444259568,0.5194061505832449,0.5474642392717816,0.6790248857287964,0.5749253731343283,0.5900293255131965,0.672093023255814,0.7297297297297297,0.5322245322245323
134,0.5991452991452991,0.5259259259259259,0.005376344086021506,0.2198581560283688,0.08411214953271028,0.24067796610169492,0.32342657342657344,0.8308823529411765,0.3493975903614458,0.4139749505603164,0.2923076923076923,0.44715447154471544,0.6974133723767691,0.37209302325581395,0.40681362725450904,0.5967336683417085,0.7388963660834454,1.0,0.03,0.28
135,0.6637353433835846,0.6066024759284732,0.5655339805825242,0.4541832669322709,0.5440729483282675,0.5825545171339563,0.544579533941236,0.5363321799307958,0.5703125,0.6818747407714641,0.34838709677419355,0.7835051546391752,0.43202273803884417,0.7190669371196755,0.6432212028542303,1.0,0.6038461538461538,0.6773700305810397,0.4161073825503356,0.7228915662650602
136,0.735937044593413,0.4143835616438356,0.6475095785440613,0.5128755364806867,1.0,0.7310686482661005,0.7287469287469287,0.44339622641509435,0.43115124153498874,0.3418780356179169,0.5641025641025641,0.783359497645212,0.6029996591296444,0.49514563106796117,0.6293446537543115,0.6887381275440977,0.41757469244288226,0.46408839779005523,0.6910112359550562,0.47738693467336685
137,0.793557168784029,0.5408805031446541,0.7435897435897436,0.6803118908382066,0.7332242225859247,0.6286031042128604,0.7058177826564215,1.0,0.7174163783160323,0.7459165154264973,0.61,0.723752792256143,0.581453634085213,0.7447023208879919,0.7192264782447007,0.7426731078904992,0.6925165962582981,0.6712598425196851,0.6441947565543071,0.7627906976744186
138,0.6826704545454545,0.4975767366720517,1.0,0.5064766839378239,0.5388026607538803,0.5409047160731473,0.6515317286652079,0.5075653370013755,0.7439293598233996,0.6362068965517241,0.6261682242990654,0.6624040920716112,0.6791387959866221,0.7739331026528259,0.6606299212598425,0.6953094205754828,0.6154661016949152,0.5382409177820268,0.5370370370370371,0.5941807044410413
139,0.7036592681463707,0.6339468302658486,0.5441860465116279,0.48333333333333334,0.6587301587301587,1.0,0.7029449423815621,0.33415233415233414,0.49038461538461536,0.3234301147873059,0.48360655737704916,0.9833333333333333,0.232387923147301,0.6901408450704225,0.6045406546990496,0.6982248520710059,0.3070921985815603,0.37344398340248963,0.6444444444444445,0.7459016393442623
140,0.7194696441032798,0.625,0.6738894907908992,0.546742209631728,0.6449399656946827,1.0,0.8013365735115431,0.7850609756097561,0.8543417366946778,0.6969026548672567,1.0308641975308641,0.862992125984252,0.7821969696969697,0.8197115384615384,0.7661631419939577,0.7335827098919369,0.7841282894736842,0.7287917737789203,0.5562913907284768,0.6283987915407855
141,0.7028097982708934,0.6583710407239819,0.7041251778093883,0.7555178268251274,0.798941798941799,0.8338945005611672,0.7487360970677452,0.7861205915813424,0.7458912768647282,0.7794561933534743,0.7340720221606648,0.7661016949152543,0.7342465753424657,0.7769718948322756,0.7166064981949458,0.8174662668665668,0.7172039578678583,1.0,0.6451612903225806,0.6853146853146853
142,0.7114624505928854,0.6787709497206704,0.6214833759590793,0.6375,0.5830388692579506,0.6135986733001658,0.6435856146001073,0.8184615384615385,0.5899280575539568,0.7129156010230179,0.6335877862595419,1.0,0.7286742034943474,0.6344827586206897,0.8101664417453891,0.7128975265017667,0.7641442715700142,0.6096579476861167,0.6136363636363636,0.7014446227929374
143,0.7115324836804476,0.5740402193784278,0.8011363636363636,0.6463700234192038,0.8489583333333334,0.6426056338028169,0.7027027027027027,0.8106194690265487,0.654891304347826,0.7046899841017488,0.6029055690072639,0.5085066162570888,0.7070961248112733,0.7952261306532663,0.6401673640167364,0.6734362307067425,0.67916836526702,1.0,0.5538461538461539,0.6688311688311688
144,0.7312758750470455,1.0105932203389831,0.5904059040590406,0.5953002610966057,0.6226415094339622,1.0,0.6818404307391092,0.6221562809099901,0.7211538461538461,0.7176938369781312,0.6492537313432836,0.7313664596273292,0.71581023083169,0.5985748218527316,0.7209502003434459,0.7074324324324325,0.7479369842460615,0.6629464285714286,0.594059405940594,0.75
145,0.7034220532319392,0.7224199288256228,0.6379821958456974,0.6620689655172414,1.2598870056497176,0.5611510791366906,0.7633487145682267,0.8743961352657005,0.8023255813953488,0.6698630136986301,0.5860215053763441,1.0,0.7238337906703254,0.673773987206823,0.6939782823297137,0.6357091432685386,0.6847345132743363,0.9003690036900369,0.7027027027027027,0.7556390977443609
146,1.0,0.6162361623616236,0.6955380577427821,0.7320261437908496,0.5080385852090032,0.5682062298603652,0.6144349477682811,0.702020202020202,0.702054794520548,0.6252783964365256,0.7300613496932515,0.7464454976303317,0.776121769462502,0.6410256410256411,0.7230843840931135,0.6388489208633094,0.6404597701149425,0.73558648111332,0.4823529411764706,0.6333333333333333
147,0.699581589958159,0.769041769041769,0.8089887640449438,0.7664670658682635,0.6190476190476191,0.6440944881889764,0.600451467268623,0.6959578207381371,0.71,0.7303969022265246,0.5757575757575758,0.7075718015665796,0.6985769728331177,0.5962145110410094,0.6665198237885462,0.6337047353760445,1.0,0.7072649572649573,0.5782312925170068,0.7407407407407407
148,0.5302104548540394,0.6065573770491803,0.42857142857142855,0.35714285714285715,0.31718061674008813,0.40217391304347827,0.3673469387755102,0.34076433121019106,0.4909090909090909,0.4552447552447552,0.71875,0.36065573770491804,1.0,0.41724137931034483,0.58397365532382,0.4815560026827633,0.4861111111111111,0.47181008902077154,0.4027777777777778,0.39473684210526316
149,0.6715506715506715,0.6883333333333334,0.6157205240174672,0.6779661016949152,0.6947194719471947,0.700838769804287,0.7361930294906166,0.5619047619047619,0.6415770609318996,0.7587561374795417,0.5560165975103735,0.7557932263814616,0.6797551789077213,0.6192170818505338,0.6886111111111111,0.6491739552964043,1.0,0.6863387978142077,0.7745664739884393,0.6323943661971831
150,0.684375,0.7239382239382239,0.576437587657784,0.6775407779171895,0.5768025078369906,0.59375,0.570222563315426,0.6119148936170212,1.0,0.7305973181633483,0.4662576687116564,0.6707855251544572,0.720551724137931,0.7361419068736141,0.6227594831179658,0.677570093457944,0.6481927710843374,0.6381578947368421,1.0625,0.5945945945945946
151,0.7096265123619148,0.6578366445916115,0.6332094175960347,0.6563467492260062,0.7591463414634146,1.0,0.5723270440251572,0.5651537335285505,0.8018867924528302,0.6561122244488978,0.6649484536082474,0.8238213399503722,0.7162558179624203,0.7323943661971831,0.6179281839318006,0.6923076923076923,0.7838525111252383,0.7961985216473073,0.6689895470383276,0.7655913978494624
152,1.0,0.7527352297592997,0.6383363471971067,0.6444444444444445,0.6462093862815884,0.7003205128205128,0.6855452240067624,0.65807962529274,0.5673076923076923,0.7077122488658457,0.373134328358209,0.6464208242950108,0.706614017769003,0.8681318681318682,0.6720597386434349,0.6603288797533402,0.668733850129199,0.7512254901960784,0.4742268041237113,0.6260683760683761
153,0.6487509462528388,0.9037656903765691,0.700507614213198,0.7222222222222222,0.9521276595744681,0.7897435897435897,0.6133004926108374,0.6142433234421365,0.4873417721518987,0.6853146853146853,0.5426829268292683,0.6269315673289183,0.7115278543849972,0.6984924623115578,0.5649717514124294,0.6728110599078341,1.0,0.7897196261682243,1.1088435374149659,0.5515695067264574
154,0.6372021521906226,0.7108792846497765,0.8321273516642547,0.721627408993576,0.655367231638418,0.6916329284750338,0.6035087719298246,0.5456110154905336,0.7029914529914529,0.6658767772511849,0.5993485342019544,0.6859205776173285,1.0,0.6908296943231441,0.6808194774346793,0.6888479747501315,0.6908364259206394,0.7216494845360825,0.6509803921568628,0.7783687943262412
155,0.760557248585111,0.689161554192229,0.5374531835205992,0.5612903225806452,0.6164383561643836,0.6385809312638581,0.6475535168195719,0.6617100371747212,0.7636986301369864,0.6529105125977411,0.6807511737089202,0.6348228043143297,0.6427436823104693,0.8358585858585859,0.6371402877697842,0.7167497125335378,1.0,0.7081761006289308,0.7,0.6187739463601533
156,0.7236126224156693,0.8658399098083427,0.6391478029294274,0.7113702623906706,0.7298444130127298,0.610248447204969,0.749515816655907,0.6354733405875952,0.6544276457883369,0.6721083709621396,0.5526315789473685,1.0,0.7453906935908692,0.7610241820768137,0.6205029013539651,0.7732824427480917,0.6618510158013544,0.6578947368421053,0.6439393939393939,0.6857451403887689
157,0.6401581722319859,0.8346666666666667,0.6725784447476125,0.7745098039215687,0.6459770114942529,0.7081339712918661,0.7262180974477959,0.6431095406360424,0.718562874251497,0.6808785529715762,0.6201117318435754,0.7574626865671642,0.7038607453693372,0.8110236220472441,0.6904392764857881,0.6820250284414107,1.0,0.6366906474820144,0.78125,0.7121848739495799
158,1.0,0.7617689015691869,0.6019945602901179,0.6761565836298933,0.626984126984127,0.7616191904047976,0.7070828331332533,0.6567164179104478,0.5858085808580858,0.6597421203438395,0.6221198156682027,0.7113866967305524,0.6895467644747184,0.73,0.7159519725557462,0.701058201058201,0.6146341463414634,0.6430953969312875,0.7577639751552795,0.7736720554272517
159,0.6362505184570717,0.7476635514018691,0.9087136929460581,0.9752066115702479,0.8373333333333334,0.6349384098544233,0.7647058823529411,0.7310924369747899,0.772,0.6699870073624946,0.6606334841628959,0.8741496598639455,0.7035065173489995,0.8185117967332124,0.6301369863013698,0.7520987654320987,1.0,0.672069825436409,0.864406779661017,0.8300492610837439
160,0.647394540942928,0.6287128712871287,0.7101865136298422,0.8218181818181818,0.6639566395663956,0.7284183994959043,0.8100671140939597,0.8189509306260575,1.28,0.7227791220186658,0.5603864734299517,0.7558139534883721,1.0,0.6819012797074955,0.7032761310452418,0.7252608283275371,0.7529682114132517,0.7288280581693756,0.489010989010989,0.6199770378874856
161,0.6512527634487841,0.8451986754966887,0.7083743842364532,1.0432432432432432,0.7050960735171261,0.5896795672076571,0.6449848024316109,0.6593103448275862,0.7043478260869566,0.606894900646397,0.6464285714285715,0.7326565143824028,0.6351477449455677,0.7014531043593131,0.6635195384211907,0.641,1.0,0.6612828795569913,0.8157894736842105,0.7174975562072337
162,inf,inf,inf,0.39622641509433965,inf,inf,inf,inf,1.0,inf,0.2,0.5,1.0,0.14285714285714285,0.5212765957446809,1.0,0.4339622641509434,inf,inf,inf
